CustomerID,Name,LastName,Age,Country
6434,Dallas,Georgantas,34,Germany
8303,Alego,Aragon,36,Germany
6694,John,Echsner,39,Germany
8732,Lily,Watkins,34,Germany
3614,Thomas,Koster,31,USA
7167,Trent,Lockling,42,USA
9632,Abyad,el-Salih,35,Italy
8541,Mark,Patel,39,Germany
9012,Gilberto,Abeyta,43,Spain
1798,Avenito,Yang,38,Germany
6455,Naasif,el-Khawaja,43,USA
8832,Miranda,Rodenburg,50,Italy
3040,Sawyer,Morse,39,Germany
2929,Paul,Naple,28,Russia
4132,Jordan,Cushinberry,35,Germany
8455,Alyson,Trinidad,51,USA
7457,Gabriella,Leon,51,UK
1847,Tabatha,Martinez,45,USA
5115,Miska,al-Nazir,49,Italy
9180,Shenandoah,Dee-Hamilton,22,Germany
6626,Tianna,Forkell,37,France
6342,Sergio,Mena,44,Germany
9382,Kazoua,Regur,35,UK
1459,Ian,Ende,40,Germany
1114,Wyatt,Thorndyke,53,UK
7058,Salaah,al-Ammar,38,Germany
5899,Jacee,Forster,45,Spain
6,Kelly,Tomlinson,48,Germany
6812,Candance,Gonzales,25,Italy
3980,Nathan,Bean,36,Germany
5065,Awf,el-Hossain,37,Germany
8882,Rebekah,Page,50,USA
9046,Olivia,Genereux,35,Germany
5087,Anthony,Rivera Munoz,54,USA
5660,Maariya,el-Imam,27,Germany
7941,Julio,Garcia,34,France
1349,Loren,Chavez Hernandez,44,UK
5898,Luwai,el-Hamad,29,UK
3367,Taujae,Herndon,41,USA
6425,Amy,Gehring,45,Germany
7314,Shashwat,Lee,56,Italy
4114,Dillon,Werner,36,USA
5637,Derand,Watkins,40,France
2186,Walter,Wells,27,Spain
6813,Richard,Schlabaugh,29,Germany
8999,Davidray,Tuytschaevers,45,USA
8975,Jordan,Buckman Jr,39,Germany
7299,Airiel,Williams,43,France
2522,Jesus,Cortez,44,Germany
2749,Michael,Reinke,26,Spain
5736,Toby,Frye-Wilson,40,Germany
6999,Codie,Suchomel,43,Spain
937,Mufliha,el-Farha,36,Germany
6863,Jordan,Browne,50,Germany
7839,Corey,Polk,49,Italy
6435,Vincente,Truong,30,Germany
5496,Abdul Noor,el-Habeeb,33,Germany
5241,Aarifa,al-Sheikh,36,France
9397,Maariya,al-Nasser,36,France
7080,Lyle,Seibel,55,Germany
1172,Shagun,Nguyen,44,USA
4836,Koy,Riggs,40,USA
3635,Jamiley,Vaughn,47,Germany
5029,Miguel,Chavarin,50,UK
716,Joshua,Cox,43,France
5239,Shanda,Banks,51,Germany
2408,Haili,Fox,38,Germany
3606,Austin,Mean,49,Germany
9427,Mawhiba,el-Dawood,29,Italy
9674,Ismael,Trujillo,40,UK
8742,Ziyaad,el-Hatem,50,Germany
822,Katryna,Battugs,43,UK
5414,Kristen,Weiner,40,Italy
9335,Bassil,el-Farran,50,Italy
2633,Nehemiah,Adams,35,Germany
9598,Cynthia,Flynn,36,USA
3336,Hamza,el-Mahmoud,28,Germany
3734,Siraaj,el-Meer,47,France
2104,Desmond,Daughtry,29,Germany
9160,Ashraf,el-Burki,39,Germany
7787,Audie,Brewer,41,Germany
9599,Qamraaa,al-Kazi,37,Germany
6711,Violet,Oswalt-Naasz,47,Russia
1338,Samuel,Phillips,52,Spain
6114,Noori,al-Sader,35,USA
2557,Azmi,el-Samra,44,Germany
8738,Abdul Baasid,al-Alli,52,Germany
592,Becky,Gehring,40,Germany
7965,Abdullah,al-Sabet,54,USA
2328,Nika,Loeffler,42,USA
2120,Christopher,Gray,40,USA
1400,Joseph,Proffitt,37,Germany
1081,Ryan,Green,46,Germany
8324,Stephanie,Murphy,26,Germany
9211,Lutfiyya,el-Khalili,29,Germany
7878,Brianna,Lanier,34,Germany
7632,Gage,Garbani,48,Germany
350,Emily,Kang,46,Italy
8725,Fateen,el-Mohamad,43,USA
6185,Griffin,Sanders,47,UK
5780,Dante,Gonzales,47,USA
7737,Rifat,al-Shahan,46,USA
7591,Nicco,Fischer,45,USA
9947,Naaila,el-Hashim,38,USA
162,Tassawwar,Ho,34,Germany
6984,Prisha,Zheng,34,Germany
2897,Nicolas,Hegstrom,46,USA
35,Mahaa,el-Masood,40,Germany
1461,Azhaar,al-Yasin,42,Germany
3085,Taylor,Lankford,51,Germany
7804,Sanket,Harvey,42,USA
3233,Jimmy,Neelay,36,France
4978,Isaac,Boden,46,Germany
5081,Autumn,Perez,29,France
2753,Kimberlin,Mottram,38,Italy
1732,Kara,Johnson,39,Germany
2627,Isaiah,Hughes,39,UK
3184,Jordan,Donaldson,37,UK
3867,Ramalaan,al-Shaheen,38,Italy
9601,Miccayla,Martinez-Aguilar,40,Germany
2003,Salena,Ruiz,46,Italy
5164,Ambrosio,Tafoya,47,USA
5386,Steven,Stone,52,USA
563,Hannah,Cantwell,41,Germany
6166,Tracy,Ali,40,France
1906,Makenzi,Cooke,49,Germany
7704,Lauren,Larson,45,France
9963,Devon,Rodriguez,42,Germany
110,Dante,Casper,39,Germany
6957,Salwa,el-Youssef,56,UK
3407,Dhaahir,el-Hashmi,31,Germany
4751,Henry,Vela,47,Germany
843,Monica,Martinez-Alcon,46,Germany
8675,Tyler,Davis,47,France
7116,Kayla,Mixon,32,USA
7460,Derrick,Scott,51,Germany
1012,Mirza,Nobrega,43,Spain
3399,Anthony,Ortiz,35,Germany
5984,Shanta,Keelick,32,Germany
8498,Tyler,Jauch,26,UK
1653,Yizel,Marroquin Duran,40,USA
3702,Anthony,Murphy,55,Russia
6974,Amaresh,King,45,Germany
7472,Mariah,Mowers,41,Germany
2871,Amie,Groven,53,France
1920,Kallen,Samake,44,Germany
586,Liam,Hansen,38,Germany
7400,Jacarre,Agbim,37,Italy
3859,Rashaad,el-Sani,34,Germany
7487,Awn,al-Reza,42,Germany
5024,Isaam,al-Moradi,43,USA
9824,Christian,Villegas,37,Germany
696,Raymundo,Martinez,40,Germany
574,Shavaya,Comer,39,Italy
5666,Justin,Yarbrough,43,France
498,Kierra,Banks,24,USA
2970,Jimin,Babcock,43,Germany
5700,Tristen,Walker,46,Germany
9650,Hamda,el-Jalali,30,Spain
5329,Caleb,Cummings,27,USA
1881,Basheer,al-Rahaim,41,USA
6917,Murshid,el-Mahmud,46,Italy
5513,Sariah,Herndon,53,France
9961,Alexis,Oscarson,37,Germany
9264,Akyta,Robertson,48,Germany
8279,Ashley,Kissler,38,USA
1815,Sade,Martinez,50,USA
2421,Olivia,Westrich,34,France
8289,Isaiah,Williams Jr,20,Spain
2860,Marcelino,Verschuur,43,Germany
644,Alexandra,Aviles,44,Germany
3269,Taylor,Weinstein,29,Italy
7801,Abeer,al-Arafat,33,Germany
5863,Raymond,Estrada,52,Germany
786,Erdenebadruun,Giang,45,Italy
9850,Landon,Wolfe,37,Germany
3126,Jerrica,Prieto,36,Germany
1587,Kabeer,el-Haider,43,Spain
2048,Ever,Perinet,33,USA
3460,Khyrie,Tucker,37,Germany
7715,Hamad,al-Kamara,38,Germany
7902,Xavier,Washington,48,France
8280,Brandon,Merrill,41,USA
3020,Nathan,Beach,46,Germany
6550,John,Wu,41,USA
783,Furqaan,el-Hoque,45,Germany
3720,Taylor,Wissel,33,Germany
7311,Nadheera,al-Jaber,38,Germany
1425,Daif,al-Basha,35,Germany
6757,Aatika,el-Shaheed,33,France
8800,Rick,Garbarini,40,France
4067,Alexandria,Trujillo,39,Germany
5168,Ashley,Lapaz,40,USA
8065,Melat,Frazier,41,UK
1074,Khamsouk,Lofgren,25,UK
2593,Monique,Grijalva,29,Germany
7138,Joseph,Zahn,40,Germany
4673,Dustin Lee,Davis,47,Russia
4883,Rif'a,al-Hallal,46,USA
9941,Argelia,Carrillo,40,USA
2939,Jerrica,Tunnell,33,USA
2585,Alec,Nguyen,46,Germany
690,Eric,Siqueiros,44,USA
7973,Badr,al-Akbari,30,Germany
3671,Alex,Holloway,39,UK
2865,Aaron,Siagian,54,USA
7159,Noah,Cordova,29,Germany
4125,Heather,Ferguson,44,USA
7784,Tilane,Vasquez,42,France
2915,Kenneth,Wheeler,37,Germany
9469,Monica,Toledo,37,UK
5225,Chan'Cellore,Cisneros,39,Italy
1330,Tyler,Kikhia,30,Spain
9040,Katy,Miller,34,UK
5459,Kulthum,el-Sarwar,30,Germany
3626,James,Ortiz,37,Germany
2327,Anas,el-Muhammad,49,USA
979,Stephanie,Kelly,46,Germany
5743,Ashley,Wang,41,France
249,Leslie,Jaramillo,39,Russia
1557,Taju,Murry,34,Russia
1644,Charles,Herman,36,Germany
4094,Fateena,el-Kaber,40,Italy
9086, Faaiq,al-Saadeh,32,USA
5847,Hailey,Kargar,37,France
3851,Jordan,Wonnell,33,Germany
9033,Israa,al-Abu,35,Russia
8997,Najlaa,al-Sattar,41,USA
1824,Nadeem,al-Beshara,42,Germany
7146,Paige,Sylvain,37,Russia
1020,Willie,Black,35,Germany
6918,Bryan,Hoy,38,Germany
111,Lars,Sam,35,Spain
5005,Salmaan,el-Aslam,42,Italy
1717,Simon,Fogg,37,USA
3138,Mercedes,Golightly,38,USA
145,Matiyassa,Bowdre,42,Russia
409,Brandan,Trang,56,Italy
9262,Melina,Hiep,52,France
8257,Thomas,Zigan,40,Germany
8727,Tuan,Cruz-Yen,37,Germany
1307,Bryan,Kishi,41,USA
4832,Katherine,Millard,18,USA
3599,Crispin,Hick,42,Germany
5596,Haazima,al-Masih,42,Germany
607,Abdul Jabbaar,al-Abdi,33,UK
9274,Celene,Mercado,45,Germany
5510,Ridwaan,al-Pashia,30,France
4294,Francisco,Gurule,34,France
517,Kiara,Burathoki,33,Germany
6057,Zeth,Henderson,41,Germany
531,Marinna,Kohnlein,37,UK
6296,Marcus,Tran,43,Germany
7090,John,Marez,39,Germany
7342,Rashida,Howell,43,Italy
208,Jamie,Williamson,29,Italy
9848,Muslih,al-Laham,37,USA
8342,Devon,Granados Garcia,49,USA
1044,Yejoon Kevin,Ho,41,Spain
6178,Adrian,Herrera,44,USA
790,Tergel,Davis,38,France
742,Anna,Casey,54,Germany
293,Brittney,Wang,33,Germany
1826,Aijiana,Lovett,40,Germany
929,Radwa,al-Ahmadi,38,Italy
4492,Trevor,Lim,38,Italy
2011,Abigail,Quintana,49,UK
4596,Westen,Wilson,38,France
9776,Belinda,Van,39,Germany
4147,Abigail,Armendariz,35,France
1142,Niki,Rosencrans,34,Germany
354,Dominique,Johnson,30,UK
9646,Justin,Watson,41,Germany
8944,Awf,el-Niazi,33,France
3050,Rhiannon,Deardeuff,33,Germany
6851,Alex,Patel,24,Germany
5346,Elias,Jackson,41,Germany
878,Jennifer,Everett,41,Germany
9453,Saleem,el-Sultan,43,France
6395,Abdul Hameed,el-Shahin,49,USA
5846,Delrey,Babcock,41,Russia
6029,Richard,Jones,41,Germany
9442,Dylan,Ambler,44,USA
4367,Ramona,Risenhoover,31,Germany
4647,Jin,Nelson,41,Germany
2394,Alejandra,Espinoza,39,Germany
4958,Rosemary,Nelson,40,Germany
1428,Jose,Medina Rosales,57,USA
4712,Zakiyya,el-Musa,37,USA
7242,Andres,Bailey,33,Germany
5367,Carrie,Adams,44,Germany
5228,Elijah,Rodriguez,38,Germany
2306,Adhraaa,al-Rahaim,40,USA
1516,Charles,Murphy,32,Germany
2782,Kevin,Truong,50,Italy
8791,Annie,Kanchanlal,41,USA
8544,Deekshitha,Villa,41,Germany
8586,Samantha,Madsen,28,USA
6956,Brady,Rambo,39,Germany
698,Angeline,Braun,46,Germany
4473,Donovan,Tran,36,Germany
6946,Danielle,Szeton,60,Germany
8700,Brittney,Wallace,28,Germany
6964,Logan,Burton,43,Germany
5942,Jo Van,Nicholson,40,Germany
5799,Collin,Mitchell,28,Germany
9157,Azeeza,al-Mowad,39,UK
4197,Haazima,al-Azzam,36,Italy
3684,Awda,el-Omar,40,USA
4833,Jonathan,Medina,41,USA
9216,Marcus,Todd,50,Germany
8502,Andrew,Nieto-Lopez,39,Italy
9923,Alexandra,Weaver,33,Italy
9805,Jacquelynn,Bradford,42,Germany
9139,Ahmed,Avila,44,USA
3586,Benyamin,Nguyen,31,Germany
6710,Kendra,Kloster,29,Spain
8662,Katelyn,Oster,31,France
8646,Nicole,Hall,40,UK
3669,Brayden,Disney,39,Germany
9859,Mushtaaqa,al-Kalil,39,Germany
3214,Makisha,Forster,43,Italy
4383,Reid,Sherry,45,USA
2261,Berta,Olivas-Perez,33,Germany
9575,Raegina,Salas,33,UK
8263,Austin,Shores,41,Germany
7270,Cairra,Garcia-Brown,49,USA
2075,Kaitlyn,Macdougal,51,France
2751,Erika,Gervais,52,Germany
4436,Sahheeda,al-Shehata,40,Germany
8629,Thomas,Johnson,40,Germany
9220,Angelica,Polaco,39,Germany
3771,Shuaib,al-Jaber,28,Russia
47,Michaela,Crabill,32,Germany
5501,Sierra,Guzman,46,Italy
2675,Fareeda,al-Sham,27,Germany
2676,Timothy,Martinez,28,Germany
1950,Nathan,Gray,45,UK
909,Behailu,Palacio,36,Germany
7997,Karli,Doyle-Swazer,34,Germany
3011,Vien,Thorpe,33,USA
8325,Jaad,al-Youssef,32,USA
7525,Korryn,Verity,31,France
7614,Hysendra,Blackcrow,36,USA
2342,Aamir,al-Farag,25,France
6258,Jennifer,Adolpho-Rivera,30,Germany
1772,Murtidevi,Boo,39,Germany
8485,Scott,Lee,35,Germany
2863,Dewaun,Saintjour,48,USA
4548,Young In,Lor,31,Italy
5540,Deedee,Fertig,29,USA
4133,Gabriella,Leber,43,Germany
8888,Jonathan,Villanueva,38,Italy
63,Jordan,Miller,33,Germany
1486,Jenna,Whitcomb,41,Germany
4288,Julietta,Okada,41,Spain
5994,Hylas,Brown,35,Germany
9482,Emily,Schlarbaum,55,France
6412,Khameron,Miyasato,41,France
7500,Korren,Callahan,49,UK
5230,Samantha,Garcia,26,Italy
2632,Katherine,Park,59,Germany
5901,Ian,Reeves,42,Germany
2833,Dessari,Blan,36,Germany
8108,Amanda,Nguyen,29,Germany
7983,Christian,Palacios-Herrera,45,Spain
727,Nazmi,al-Hashemi,43,Italy
6621,Reid,Cabael,42,France
2171,Joseph,Gerzine,42,Spain
6094,Irene,Batara,37,USA
7617,Matthew,Johnston,41,Russia
6265,Leshemia,Galassini,51,USA
6438,Jamya,Mcconnell,52,USA
5594,Kamaaluddeen,el-Nazar,43,Germany
8218,Joseph,Dominguez,41,USA
6411,Chad,Coon,47,Italy
1441,Seraphine,Nguyen,49,USA
3808,Diana,Gonzalez,24,Germany
7968,Bryant,Molinar-Castillo,38,Germany
2723,Elijah,Baca,34,Spain
7289,Jesse,Chu,48,France
7676,Siedah,Ellerman,43,Germany
588,Khadeeja,al-Hakim,38,France
1394,Haazim,el-Srour,41,Germany
5680,Samuel,Metzer,41,France
3036,Nicholas,Coyle,39,Germany
1108,Haley,Teeter,45,Germany
7967,Jordan,Peter,29,Germany
5790,Nikki,Asamoah,36,Germany
6198,Haifaaa,el-Can,37,Russia
4139,Tevin,Austin,42,USA
4203,Haibaa,el-Amber,45,USA
8867,Araceli,Silverio,40,Germany
5774,Deleighon,Thomas,40,USA
9881,Maimoona,el-Mir,37,Germany
5955,Layla,Cochran,46,USA
6597,Leanna,Davis,41,Russia
443,Basheer,al-Farra,36,USA
7364,Shelby,Allarid,59,Germany
8491,Diana,Ambriz,45,Germany
5167,Vaughn,Giron Lovato,41,France
4630,Matthew,Haggard,37,France
2152,Orville,Connors,47,Spain
6623,Rachael,Israel,40,USA
3334,Kristen,Clementson,48,Germany
4095,Jared,Davis,34,Russia
4850,Cesar,Cordova,47,Germany
8714,Selamawit,Bowie,33,Germany
5665,Aseela,el-Tariq,43,Germany
5476,Naseeba,el-Farra,37,UK
3132,Timket,Jackson,39,Germany
7274,Hannah,Kaiser,31,Germany
2442,Marc,Brassard,38,Germany
302,Richard,Romero,49,Germany
247,Lorenzo,Dixon,33,Italy
1184,Carly,Stormer Jr,26,France
906,Kassidy,Mills,44,USA
5522,Aatika,al-Abad,36,Germany
75,Ruwaid,al-Arafat,36,France
5422,Joshua,Martin,27,Germany
8124,Matthew,Craig-Varela,32,Germany
8594,Joshua,Sherry,47,Italy
7081,Kayla,Chavez-Estrada,31,Germany
810,Melanie,Herrera,50,France
3065,Ruth,Hammond,33,Germany
3703,Joshua,Grainger,39,USA
3204,Kyle,Suh,40,Germany
8431,Sahar,el-Hamidi,29,France
3186,Eric,Alexander,43,USA
5583,Cassandra,Medina,38,Germany
8228,Carmen,Craver,41,Spain
9094,Chance,Perez,45,USA
7206,Essevan,Vincenty,44,Germany
3479,Desanay,Glover III,49,Germany
5191,Aurianna,Alba,43,France
3423,Catherine,Brown,40,USA
5057,Tyler,Kinder,26,Germany
61,Hazm,al-Hashim,45,Russia
9300,Cody,Dunn,48,Germany
4025,Agustin,Salinas,26,Germany
7705,Shahlia,Sanders,35,Germany
281,Brenda,Garcia,42,UK
6486,Sheila,Chen,32,Germany
8663,Christopher,Garduno,41,Germany
3658,Connor,Manibusan,44,Germany
4840,Anne,Lao,41,Germany
609,Laneece,Lee,22,Russia
7321,Robert,Myers,37,Germany
7463,Isabelle,Keiderling,40,Spain
1006,Kaelah,Henderson,40,Germany
2189,Mariah,Ward,31,USA
8367,Roshanda,Hamm,38,Germany
8925,Farhaana,el-Vohra,26,Germany
6704,Alexandria,Nichols,45,Germany
5447,Tiana,Medkiff,47,Germany
5564,Robert,Grassmick,26,UK
8808,Raaid,al-Obeid,35,Germany
2807,Rachel,Hardiman,43,Germany
5701,Eliya,Schlieman,33,Germany
6318,Dominic,Ponce,33,UK
9781,Burke,Groves,44,USA
1295,Hadeel,al-Waheed,39,Germany
3712,Alisha,Hoffman,32,USA
2199,Connor,Mccabe,36,UK
398,Afeef,al-Dar,33,Germany
5441,Carlos,Vigil,44,Germany
4691,Emelin,Cordova,35,France
2795,Nathan,Padilla,46,UK
3968,Angelica,Perez,45,Germany
2252,Zachary,Barela,41,Germany
3368,Zolaykha,Smith,46,France
9558,Anjanetta,Gordon,38,Germany
9001,Timothy,Hubbard,55,Germany
9499,Velrene,Stocker,40,Germany
1807,Hanna,Helzer,46,Russia
6509,Jeremy,Garcia,33,Germany
3352,Yessica,Elizondo Diaz,32,USA
9497,Casey,Martin,35,France
2610,Carlos,Tena,44,Germany
6149,Daminh,Tran,41,UK
1970,Trevor,Long,38,France
9317,Danya,Hoang,27,USA
4726,Joshua,Griffin,34,Germany
9970,Monique,Bullock,33,USA
1938,Kimberly,Lee,35,Italy
6979,Gabriel,Manzo,25,Germany
9900,Carlos,Ramos,35,Germany
6542,Rachel,Harding,33,Russia
6998,Roy,Brown,38,Germany
535,Emilie,Amelkin,46,France
5859,Jacqueline,Medina,42,Italy
6191,Najeeb,al-Ally,34,Germany
3007,Ji,Kim,45,Italy
8630,Miguel,Vazquez,48,UK
7880,Madison,Humburg,41,Spain
6338,Jacob,Crowghost,36,UK
6028,Laaiqa,al-Basher,43,Germany
1648,Shaaheen,al-Sala,36,Italy
9701,Mercede,Williams,58,Germany
475,Keila,Eisele,40,USA
9882,Christian,Jackson,39,USA
4820,Nicholas,King,33,USA
2968,Isaac,Valdez,43,Germany
9929,Erick,Barahona,42,France
2989,Nathan,Hall,52,Germany
2762,Karthik,Bailado,44,Germany
8042,Yesica,Apodaca,29,USA
8299,Kayleigh,Norris,36,USA
7751,Nadiyya,al-Shabazz,29,France
6007,Tianna,Crockett,40,USA
1896,Husaam,al-Mohammed,34,Germany
8949,Sebron,Flint,55,Germany
1971,Javarray,Garvin,43,Germany
3308,Jahlil,Watkins,45,Germany
7856,Almaasa,al-Soliman,39,Italy
1311,Sequoia,Richardson,44,Germany
4684,Robert,Mosley,40,Germany
2691,Afraah,el-Sahli,31,Germany
121,Corey,Bishop,45,France
3860,Dewaun,Spires,43,USA
1250,Luke,Russell,44,Germany
8268,Casey,Rodriguez,45,France
9108,Gerardo,Ochoa,37,USA
1602,Dante,Guillory,40,Russia
5530,Misty,Dean,37,Germany
4117,Hazeela,al-Habibi,34,Germany
5428,William,Gregg,42,Germany
8255,Fiona,Bull,46,Italy
9456,Daniela,Vigil,35,Spain
7292,Kijuan,Parker,50,Germany
279,Danielle,Gordon,26,France
6657,Dylan,Okubo,37,UK
5616,Najwa,al-Abdoo,40,Germany
2376,Tierra,Barnes,38,Germany
2149,Edison,Allison,28,USA
2975,Blake,Xiong,31,USA
7067,Justina,Nguyen,56,Italy
5757,Shannon,Mitzner,54,France
259,Luqmaan,al-Shafi,48,France
1692,Alexis,Gurau,40,France
9634,Christian,Lee,46,France
828,Justin,Firkins,55,Germany
1754,Dekota,Marquez,38,France
6001,Heather,Lewis,48,Germany
6811,Samantha,Severance,34,Germany
2344,Spencer,Gaonkar,40,Germany
8787,Shaafia,al-Mostafa,44,Germany
5320,Caitlin,Goebel,30,Germany
1775,Jaime,Espino,35,Germany
7553,Alondra,Chavez,25,Germany
5936,Chase,Cannon,33,Germany
6127,Wajdi,el-Ahmed,30,USA
5956,David,Adolfson,40,Germany
1651,Nicholas,Mendoza,37,USA
4617,Stephanie,Trujillo,34,Germany
3210,Roshan,Pacht,44,Germany
6835,David,Granados Garcia,44,Germany
3256,Brandon,Tribble,52,USA
188,Ghaaziya,al-Dawood,30,Germany
8039,Aria,Moeller,44,Germany
2643,Ryan,Prince,39,Spain
608,Miranda,Thunblom Wilson,33,Spain
1544,Gustavo,Lucero,34,USA
9276,Devon,Sanchez,61,Germany
5779,Joshua,Krantz,44,Germany
7628,Darien,Powell,50,UK
8037,David,Lee,35,USA
7059,Joseph,Rikke,46,USA
3927,Arrick,Smith,40,Germany
7684,Raabia,el-Muhammad,39,USA
4470,Saalima,al-Masri,41,France
2580,Emily,Heredia,43,Germany
9478,Ruqayya,al-Assad,49,Germany
3941,Fernando,Sosa,50,Germany
7827,Shakoora,al-Omer,53,France
8441,Haarith,al-Barakat,45,Spain
6681,Tayler,Phillips,37,Germany
1088,Rayyana,al-Mohammad,45,USA
5973,David,Granados,43,Germany
2517,Ihaab,al-Nour,42,Germany
7556,Savanna,Luckey,37,France
4199,Zachary,Atkins,42,UK
3258,Tiana,Velasquez,32,Russia
7367,Michael,Toney,47,USA
4227,Joshua,Welsh,31,Italy
5095,Aungko,Ledru,37,USA
4652,Mariah,Lindsey,49,Spain
6728,Kaila,Lacy,43,France
1067,Aaron,Pridgen,35,USA
794,Taraleah,Howard,40,USA
3409,David,Mendoza,38,Germany
6121,Edwin,Flores,35,USA
1783,Luis,Ramos,29,Germany
3710,Rashaad,el-Badie,39,Germany
2448,Anthony,Young,48,Germany
4595,Craig,Rinerson,35,Germany
9405,Jeremiah,Strock,21,UK
4519,Nuha,al-Fayad,26,Germany
9069,Ryun,Masias,42,USA
5800,Briana,Materon,38,Russia
7922,Desiree,Sellers,44,Germany
6525,Haibaa,al-Majid,44,Germany
7507,Austen,Bauer,47,Germany
506,Azmi,al-Akel,36,Germany
1546,Calvin,Lovejoy,45,Germany
1794,Alexandra,Rico,32,Italy
3496,Rani,Kaneko,41,Germany
268,Shaheed,el-Jamil,44,Italy
6489,Olivia,Tao,54,Germany
6578,Aarif,al-Koroma,37,Germany
8915,Gerome,Freelon,49,Germany
8274,Safar,al-Mir,46,France
1994,Vincent,Suzuki,42,Germany
855,Tyler,Mcduffee,32,USA
4763,Narvell,Allen,46,Germany
4209,Shaheed,el-Fayad,46,Germany
6679,Jennifer,Hiromasa,39,Germany
6162,Nicole,Contreras,40,USA
4839,Alexander,Del Rivero,38,Germany
5883,Chantel,Garcia,31,Germany
4285,Mele,Pradhan,28,Russia
6707,Jeanette,Tarango,49,Germany
9480,Zane,Spillman,39,Italy
1342,Mu'mina,al-Sinai,31,France
8127,Luis,Schwartz,28,USA
6798,Tulaiha,al-Elbaz,40,USA
8855,Scott,Ford,50,Germany
2492,Edward,Seiler,42,Germany
3578,Raamon,Adams,42,Germany
7411,Rowell,Cade,53,Germany
4576,Faline,Mcdaniel,50,France
5142,James,Pough,42,Germany
5372,Samiha,Ng,52,USA
4453,Vincent,Trujillo,43,Germany
7418,Mira,Bruening,46,UK
6066,Kevin,Wong,50,Germany
1803,Eli,Leming,41,Italy
554,Marisa,Dominguez,38,Germany
6901,Jared,Puentes,38,France
5742,Richard,Lynn,35,USA
1715,Anna,Labadie,45,Germany
9389,Charles,Walklett,42,Germany
6782,William,Kampf,46,Germany
3063,Steven,Villani,40,Germany
257,Marquise,Goudeau,38,Germany
2636,Jordyn,Gaines,40,USA
2253,Shelara,Marshall,41,Germany
3555,Sitaara,al-Sani,38,Germany
4445,Shawnae,Montoya,42,Germany
9072,Keisha,Armstrong,44,Germany
2836,Tyler,Corbett,42,Germany
1795,Jamal,Watts,39,Germany
7169,Samuel,Gonzalez,28,Spain
2416,Kyli,Shin,43,France
787,Junaid,al-Hosseini,39,USA
6794,Teresa,Morgan,35,Germany
1188,Eduardo,Proa,40,Germany
4699,Kosuke,Bautista,33,USA
9246,Kulthum,el-Rashid,23,USA
6167,Danielle,Hunt V,37,Germany
6555,Chelsea,Quaratino,54,Germany
3970,Sophie,Hatcher,48,Italy
4818,Christopher,Bernabe,38,Germany
6292,Donae,Johnson,39,France
9465,Demetreus,Dech,39,USA
3350,Toby,Jones,49,Russia
146,Houston,Sais,34,Germany
255,Chelsey,Andrew,41,USA
7375,Tyler,Porter,28,USA
212,Cory,Hutchison,40,Germany
2072,Madeeha,el-Azad,37,UK
2775,Christopher,Garnier,42,France
8790,Michele,Trierweiler,47,Germany
1489,Jorge,Munoz,41,USA
2365,Alysia,Hunter,33,France
7638,Nassaar,el-Selim,44,Germany
4659,Emily,Kwon,35,USA
5714,Tmorchi,Cervantes,34,UK
4793,Adan,Segura,39,Germany
4753,Elijah,Burke,47,Germany
5731,Evelin,Garcia,44,France
3358,Danielle,Campbell,39,Germany
2002,Trae,Locke,37,Italy
8757,Marcela,Cardoza,40,Italy
6101,April,Garrison,27,UK
7013,Brant,Keller,42,Germany
1367,Juliette,Watson,36,Germany
4649,Saif,el-Badie,43,Germany
8401,Andrew,Yang,34,UK
8111,Raihaan,el-Javed,48,Germany
8955,Rachel,Fadl,44,Germany
8892,Miguel,Soto,39,Germany
8861,Carl,Pyles,42,USA
4633,Jane,Luce,43,Germany
2764,Kevin,Hau,37,UK
9080,Ali,al-Akbar,48,Germany
7248,Jayson,Pierce,44,Germany
3278,Jordan,Hill,35,Germany
1983,Jagger,Zeigerson,36,France
1854,Cheyanne,Schell,32,UK
7228,Lorena,Chavez,45,Germany
2168,Alyssa,Birdsong,44,Germany
6973,Megan,Flood,39,Italy
721,Justin,Almanza,37,Spain
8608,Kavin,Janes,36,France
463,Gabriel,Littlejohn,47,Germany
4537,Blake,Hunt-Khabir,40,Germany
5591,Weslie,Punjabi,48,USA
9787,Minhaz,Guinto,43,USA
4024,Calvin,Longwing,56,Germany
1926,Maazin,al-Azizi,48,Germany
2974,Tiajuwan,Brown,58,Germany
1019,Taylor,Ton,30,Germany
3248,Reggie,Brown,36,Russia
7890,Carter,Le,47,Germany
9016,Kendall,Mcqueen-Rhodes,34,USA
9895,Diamond,Nyamekye,21,USA
2341,Roel,Ortega,29,Spain
6592,Paula,Martinez,40,Germany
3777,Ashraf,el-Zafar,51,France
7,Karina,Mendoza,39,Germany
5275,Sulama,el-Mostafa,47,France
2849,Sierra,Sloan,50,Germany
8865,Rebecca,Etherton,37,France
1491,Sharin,Garbani,40,Germany
1344,Sarah,Pham,52,France
5992,Irene,Manivanh,41,Germany
431,Alexander,Luttrell,44,Germany
3818,Josue,Rankin,33,Germany
1924,Yolanda,Rodriguez,41,France
9663,Izzaddeen,al-Nassif,38,Italy
9730,Cody,Fulwider,32,Germany
2258,Trinity,Gallegos,46,Germany
2126,Zubair,el-Hashem,30,USA
6394,Tristin,Forsythe,43,USA
3885,John,Soto,33,France
7960,Rifqa,el-Molla,33,Germany
8463,Jordan,Morrison,48,UK
8412,Amethyst,Tegtman,36,France
6209,Kala,Kimble,40,Spain
6293,Joanna,Emmons,44,Germany
5819,Gilbert,Weckmann,46,Germany
309,Karen,Mckay,37,Germany
4816,Alice,Punzal,41,Italy
8428,Mahfoodha,el-Mirza,41,Germany
1417,Carlos,Velotta,46,Spain
1510,Jacob,Sweets,28,Germany
7568,Virrilyn,Lin,49,USA
275,Tawheeda,el-Siddiqi,37,Germany
6616,Matthew,Soto,46,Germany
1321,Nicole,Hampton,43,Germany
6687,Mary,Bruner,47,Germany
8389,Jasmine,Thomas,31,Germany
5409,Dylan,Yie,31,Germany
9902,Aiden,Huffstater,33,Spain
5579,Lita,Witzel,42,France
1421,Waheeba,al-Mousa,47,Spain
2321,Nadheer,al-Eid,32,Germany
5659,Troy,Coll,48,Spain
2703,Abeer,al-Taheri,49,France
9434,Armani,Fisher,45,France
8788,Austin,Horton,60,USA
8889,D'Jon,Jefferson,40,Italy
6444,Zaki,al-Ramadan,28,USA
1474,William,Sweeney,42,Germany
9949,Brandie,Johnson,40,USA
5593,Nicole,Penry,38,Germany
7399,Kiva,Jackson,25,Germany
6583,Monique,Raban,26,Germany
5236,Quinton,Little,49,Germany
7604,Carl,Martin,32,USA
7064,Jesse,Nguyen,48,France
601,Raashid,al-Younis,42,Russia
3376,Robert,Hatfield,28,Russia
4180,Allyson,Squyres,44,USA
9901,Savannah,Boone,42,Germany
4073,Nicholas,Jones,34,Italy
5903,Jacob,Henry,56,Germany
1300,Gloria,Mock,43,Germany
7530,Vincent,Agsam,43,France
7933,Sahl,al-Hussain,35,USA
735,Annnees,al-Saleem,53,USA
3896,Marche,Taylor,43,Russia
507,William,Stahl,43,USA
7221,Erick,Pogar,37,Russia
242,Yaire,Gutierrez Ambriz,37,Russia
9483,Greggory,Suzuki,45,Germany
6263,Alexandra,Sloan,33,USA
3363,Maximilian,Padilla,40,Germany
6474,Trang,Cruz,57,USA
7578,Aadil,el-Jaber,28,France
5722,Hailey,Gashwazra,38,USA
2822,Cassandra,Gutierrez,47,France
4542,Nameera,al-Fadel,49,Spain
69,Daneshia,Quinnie,37,UK
8243,Autumn,Roy,39,France
5928,Selam,Ali,24,Germany
3073,Majeeda,al-Tawil,45,USA
9228,Essence,James-Davis,31,Spain
9691,Nassaar,el-Guler,37,Germany
8514,Mckayla,Luna,41,Germany
4597,Yardley,Clausen,48,UK
4534,Jessikia,Ruybal,48,Italy
8890,Haaroon,el-Mahmoud,44,Germany
1960,Mikaela,Striplin,28,USA
5135,Sara,Willoughby,34,Germany
3313,Terrell,Holt,40,Russia
4747,Shaquille,Mcconnell,31,Germany
9773,Esainea,Neff,42,Italy
6858,Gabriel,Santistevan-Minnick,41,Germany
4999,Emily,Apodaca,34,Italy
9938,Mary,Blach,30,Germany
287,Jackeline,Perez-French,42,France
6745,Ryvon,Paris,40,France
9612,Claudia,Wallace,40,Spain
537,Trevor,Koskovich,38,Germany
6806,Emily,Neitenbach,36,USA
4030,Marzooqa,el-Bina,39,Italy
6700,Anthony,Campbell,39,USA
8971,Abdul Majeed,al-Hakim,39,Russia
5039,Abdul Kader,al-Nour,43,USA
7666,Tristan,Friedman,39,Russia
1551,Megan,Saunders,51,Germany
9838,Deion,Garcia,28,Italy
2895,Alejandra,Gaeta,40,Germany
2741,Rumaana,el-Qazi,45,Germany
9829,Steven,Evangelista,39,Italy
6734,Sabrina,Oscarson,41,Germany
8858,Mufliha,el-Firman,58,Italy
612,Alexandra,Yazzie,42,USA
5681,Kenji,Elpuz,36,UK
7098,Maajid,al-Shaban,37,UK
3023,Alejandro,Strong,35,USA
3026,Adrian,Torres,43,Germany
5059,Gabriel,Person,28,Germany
6797,Iyhanna,Fields,40,Germany
2150,Shabaan,al-Nasr,40,Germany
7470,Marriah,Perez,39,Spain
1027,Matthew,Pak,37,Germany
2650,Dominique,Xiong,31,Germany
3866,Shannon,Berry,45,Russia
2079,Brooklyn,Gonzalez,47,USA
7041,Tharwa,al-Hamad,48,France
1018,Rida,al-Qazi,49,Germany
16,Hamdaan,al-Amber,49,USA
8565,Sadie,Sanchez,41,USA
2319,Annie,Vue,41,UK
1548,Madaline,Musso,41,USA
8784,Kristal,Abdelgadir,46,Russia
1327,Dante,Chism,42,France
6775,Dej A Teiara,Petters,41,Germany
7641,Tawheed,al-Hanif,50,Germany
2359,Jared,Hooker,43,Germany
5495,Sierra,Pickett,39,Germany
7372,Howard,Sconiers,38,Italy
1436,Cade,Hampton,34,Russia
453,Rachel,Sherer,35,USA
8053,Edgar,Gonzalez-Larson,46,UK
220,Tisa,Ablan,22,Germany
2768,Tyshawn,Sullivan,33,USA
6220,Perla,Nygaard,44,Germany
6321,Animoan,Mcclure,42,USA
841,Shane,Klikier,41,USA
5479,Alex,Lucero,38,Germany
939,Dan,Gibbons,49,Germany
3648,Chastitty,Terrazas,44,USA
7875,Carlie,Ruiz,34,Germany
4090,Eyoatam,Mills,28,Germany
4490,Ashlee,Hall,43,Italy
2866,Taseania,Radebaugh,33,Germany
7148,Ernestor,Shumway,54,Germany
561,Aaron,Suina,35,Germany
8298,Onnanyce,Shields,35,Germany
4401,Ana,Vega,42,France
1695,Kameela,el-Arif,39,USA
8030,Dominic,Hamlin,42,France
8226,Vanessa,Mihalovic,43,Germany
5442,Marcel,Onexayvieng,36,Italy
8413,Roman,Woods,38,Italy
1569,Alexis,Youngblood,55,Germany
3704,Julianna,Keelick,25,Italy
9410,Tori,Smith,49,USA
9171,Travis,Reynolds,43,Spain
9513,Anthony,Wright,51,Italy
8112,Nizaam,al-Hanif,49,Germany
5537,Sultan,el-Hoda,37,Germany
3800,Kyra,Melesse,36,Italy
4512,Randy,Wu,41,USA
2239,Michael,Cobb,35,Germany
4947,Stephanie,Sutfin,32,Germany
7518,Dejah,Vardaman,35,France
9169,Melissa,Sautter,37,Germany
5305,Ali,Gnanasegeran,45,USA
3289,Michelle,Goode,41,Germany
4800,Neben,Whaley,51,Germany
1912,Tasneem,el-Satter,34,Italy
4037,Ariyelle,Cooks,36,Germany
5803,Nicholas,Moreno,38,Germany
5828,Razeena,el-Karim,41,UK
6807,Anthony,Smith,35,Germany
9665,Lily,Johnson,31,Germany
3219,Zufar,el-Salehi,32,Spain
31,Faai Z,al-Selim,40,USA
6279,Abdur Raqeeb,el-Rahaman,39,Germany
3388,Jacob,Nelson,36,Germany
9194,Allysia,Yim,49,Germany
390,Megan,Lucero,30,USA
2730,Ellen,Iverson,31,Germany
8063,Castroma,Smith,35,Italy
3672,Edward,Gaytan,38,UK
167,Bethany,Bermudez,38,USA
4317,John,Geddis,38,USA
5514,Jacob,King,40,Italy
9607,Christina,Potter,49,UK
7187,Miranda,Blasini,48,Germany
3017,Robert,Kuzma,38,UK
863,Camille,Graves,52,France
5605,Devlin,Rouillard,46,France
6097,Andrew,Perez,45,Germany
4598,Connor,Love,39,Germany
7919,Kendra,Beaulieu,56,USA
6025,Morgan,Dillard,41,USA
9696,Nico,Hawkins,51,Germany
3267,Danielle,Temeyosa,53,Russia
7788,Laura,Sarinana,45,Germany
2399,Jordan,Mattie,44,Germany
1527,Mackenzie,Reed,36,USA
5768,Andrew,Burton,35,Russia
9879,Jacqueline,Gallegos,46,Spain
6819,Mai,Simok,43,Germany
1849,Hannah,Morrison Pibel,38,USA
6620,Gary,Hogue,34,USA
6119,Danna,Costley,39,France
5670,Qaaida,al-Zaher,32,Germany
8500,Mike,Liang,53,France
2516,Kea,Kim,39,Germany
9307,Isaiah,Mcalister,31,Germany
9454,Briana,Ortiz-Romero,41,USA
9647,Maisara,el-Hashmi,32,Germany
5809,Mischa,Griffith,51,USA
8301,Saige,Garcia,34,Germany
4637,Priya,Kim,36,USA
114,Julian,O'Donnell,51,Germany
450,Joshua,Hayes,33,UK
7721,Brianca,Kerford,41,USA
73,Jeslyn,Gipson,42,Germany
6364,Ethan,Farkas,38,Germany
628,Carlito,Ramsey,46,Germany
5474,Michael,Henson,28,Germany
3043,Alexis,Craig,54,France
4865,Muslim,al-Azimi,51,Italy
9924,Samantha,Scott,37,USA
7971,Ty,Kremm,45,Germany
3039,Jameela,al-Momin,27,USA
4322,Sydney,Zenoni,28,USA
7829,Kaianna,Silva,38,Spain
3300,Mikayla,Anderson,54,Italy
2674,Hanbin,Nadiadi,32,Germany
6566,Karlee,Vaidya,35,France
2256,Tyree,Wilson,41,Germany
9059,Jesus,Machado,37,Germany
6876,Roy,Domingo,34,Spain
6106,Isaiah,Davis,34,Russia
6224,Hiyab,Vesey,39,Germany
9578,Tong,Chu,48,Germany
2047,Lori,De La Cruz,42,Germany
5245,Nicholas,Nelson,49,Germany
8086,Mariah,Bonser,44,Germany
2727,Jacqueline,Gurung,43,Germany
8332,Arianna,Garcia,47,Germany
325,Danni,Griego,47,Spain
9539,Karie,Griffin,43,Germany
7535,Domenic,Kochhar,37,USA
7424,Jamison,Post,57,Germany
8901,Fabian,Rios,30,Italy
3883,Jijo,Boehlke,39,USA
209,Jacqulyn,Ford,32,Germany
847,Abdul Haleem,el-Badie,44,Spain
9122,Dulce,Larios,30,Spain
8032,Prettyboy,Melonas,38,UK
1038,Trevor,Powell,48,Germany
1467,Kristin,Boulier,42,Germany
8069,Wajdi,al-Latif,43,France
266,Joshua,Strasheim,39,Spain
2640,Austin,Westmoreland,53,Germany
3825,Kyle,Knaus,36,Germany
2462,Gemechu,Brooks,37,Germany
1664,Odaliz,Navarro,40,France
8272,Michael,Brigham,38,Russia
976,Sanjay,Cho,43,Spain
3638,Courtney,Risheill,32,Germany
6594,Young,Hardy,28,Germany
4154,Brita,Dupuis,42,Italy
583,Una,Sayers,42,France
8512,Edison,Little,25,USA
8378,Adrian,Murphy,28,Germany
4494,David,Jeon,37,Spain
8109,Jesseka,Salas,47,Germany
8626,Qaaid,al-Rahim,43,France
2246,Jeelaan,al-Hassen,57,Germany
