EmployeeID,Name,LastName,Email,Age,Country,PhoneNumber,HireDate,JobID,Salary,ManagerID,DepartmentID
1234,John,Doe,john.doe@example.com,50,USA,(123)456-7890,2015-03-25,Manager,6000,,1
5670,Susan,Smith,susan.smith@example.com,45,Canada,(987)654-3210,2017-06-10,Manager,7500,,2
9101,Michael,Adams,michael.adams@example.com,55,UK,(555)123-4567,2010-09-12,Manager,8000,,3
1122,Emily,Williams,emily.williams@example.com,40,Australia,(333)444-5555,2018-01-17,Manager,7000,,4
3344,David,Brown,david.brown@example.com,60,USA,(666)777-8888,2008-07-19,Manager,9000,,5
8762,Angela,Hubbard,luke11@example.org,47,Suriname,(501)651-8148,2020-10-05,Engineer,2164,9101.0,4
5477,Joshua,Morgan,joshua48@example.org,62,Botswana,(372)423-5586x28516,2022-09-11,Salesperson,1330,9101.0,2
2348,Brianna,Johnson,athomas@example.org,38,Guam,+1-723-290-5101x268,2021-01-21,Analyst,1132,1122.0,4
7018,Jessica,Harris,pamela53@example.org,24,Mexico,748.501.1042x0125,2021-03-14,Intern,1001,9101.0,1
8653,Gina,Rollins,kellerthomas@example.com,49,Bolivia,(961)265-7410,2019-06-21,Assistant,3654,3344.0,3
1924,Jodi,Marsh,steven59@example.com,65,Palestinian Territory,001-690-769-0859,2020-05-26,ITProgrammer,1464,1234.0,1
4806,Jessica,Hodge,benjaminpatrick@example.com,20,Jordan,001-432-633-0661x7589,2023-10-31,HR,1464,9101.0,2
9373,Joyce,Newton,brandy15@example.com,68,United Arab Emirates,+1-476-756-5912x1984,2020-12-11,ITProgrammer,3902,1234.0,1
7367,James,Jimenez,danielgrimes@example.org,58,French Polynesia,2978422547,2020-09-29,Engineer,3187,9101.0,4
4174,Brianna,Robinson,hughesjacqueline@example.org,20,Falkland Islands (Malvinas),363.617.7787,2019-02-03,Accountant,1575,3344.0,4
2712,Crystal,Jefferson,clarkfrancisco@example.net,63,Kazakhstan,(279)872-8346x400,2019-12-03,Engineer,4106,1122.0,1
3868,Amanda,Dixon,schultzjerry@example.net,63,Cape Verde,001-283-663-8064x10184,2021-12-20,Engineer,1579,1234.0,5
3367,Kyle,Jackson,ronald63@example.org,56,Saint Pierre and Miquelon,662.432.0702x6620,2020-01-13,Assistant,4260,5670.0,1
5453,Tiffany,Jenkins,kpowell@example.org,39,Niue,+1-994-743-1055,2019-10-23,Assistant,2528,1122.0,5
5800,Laura,Bell,jessicamarsh@example.org,48,Georgia,+1-984-974-2143x7295,2023-05-15,Assistant,1029,1122.0,1
5618,Lucas,Mcgee,cameroncynthia@example.com,65,Paraguay,(739)774-2766,2022-07-19,Engineer,2117,3344.0,4
3718,Edward,Valencia,pyoung@example.net,70,Senegal,001-999-546-6985x4162,2018-12-24,Accountant,1332,1234.0,5
9644,Robert,Mclean,owelch@example.com,55,Bosnia and Herzegovina,(339)764-1418x1752,2019-01-20,Salesperson,2534,5670.0,3
4593,Leah,Nichols,robertsaaron@example.com,57,Peru,001-742-211-9860x50813,2023-05-25,Clerk,4399,9101.0,3
9323,Samuel,Gonzalez,jessicamcclure@example.com,41,Heard Island and McDonald Islands,001-315-810-2830x7340,2022-05-01,ITProgrammer,3528,9101.0,2
6829,Katherine,Jimenez,tranjennifer@example.com,20,Norfolk Island,(316)384-0310x575,2019-06-14,HR,1620,1122.0,1
1053,Grant,Martinez,mendezchristopher@example.net,23,New Zealand,001-506-691-8064x1308,2020-08-27,Assistant,3198,1234.0,1
4487,Brooke,Johnson,iowens@example.org,36,Tonga,549-999-5365x35628,2023-06-07,ITProgrammer,3308,1122.0,4
2469,Robert,Wong,tyler25@example.net,54,Saint Vincent and the Grenadines,+1-829-413-2339x996,2020-03-01,Clerk,1670,5670.0,5
2518,Emily,Rivers,andrew23@example.org,44,Guinea-Bissau,+1-318-888-8531x933,2019-02-03,Accountant,4012,3344.0,1
7617,Jessica,Webb,allisonolson@example.com,52,Lao People's Democratic Republic,467.245.1342,2021-06-28,Accountant,1929,9101.0,1
4385,Ashley,Shannon,carolchapman@example.net,21,Bahrain,708.538.6162x152,2021-04-15,Engineer,3767,1122.0,4
1582,Justin,Golden,tmayer@example.net,56,Costa Rica,001-893-946-1105x068,2020-03-25,ITProgrammer,3710,3344.0,3
7352,Patricia,Young,victoria33@example.com,29,Kazakhstan,858.609.5195,2022-10-01,Engineer,4486,5670.0,1
3122,Tracey,Rodriguez,justin88@example.org,37,Cameroon,788.946.2300x7572,2022-01-10,ITProgrammer,3025,9101.0,3
5494,David,Stone,gabrielsmith@example.net,34,Turkmenistan,001-714-692-8120x308,2022-07-08,Clerk,1585,1122.0,1
9187,Travis,Hansen,rhondacombs@example.com,73,Guinea,871-426-1529x44148,2019-10-28,Intern,2697,5670.0,4
6712,William,Gonzalez,osbornechristina@example.net,21,Haiti,(225)890-5835,2019-01-10,Assistant,4394,9101.0,1
7712,Mallory,Moore,davidnelson@example.org,43,Mali,+1-314-249-8741,2020-10-23,ITProgrammer,2831,3344.0,4
6857,Reginald,Stevens,smithkeith@example.com,39,Turkmenistan,369.688.1708,2019-03-16,Clerk,1619,1122.0,4
7092,Stacy,Gay,huertabrian@example.net,60,Chad,+1-649-577-5399x090,2023-08-17,Intern,3897,5670.0,3
4523,Michael,Torres,garciaamanda@example.org,26,Solomon Islands,655.873.9441x753,2022-02-21,Engineer,2291,3344.0,1
1327,Katie,Brown,diane06@example.net,41,Gibraltar,001-376-974-1746,2023-09-14,Analyst,3757,9101.0,4
8241,Dorothy,Garcia,collinspamela@example.org,31,Martinique,805.562.5073x1516,2019-11-08,Clerk,1401,1122.0,1
2045,Suzanne,Grant,jasmineibarra@example.com,67,Nicaragua,675-290-9030x49509,2021-11-28,Engineer,3326,5670.0,1
7345,Lindsey,Smith,austinfranklin@example.org,64,India,+1-363-943-3981x28724,2020-02-04,HR,3355,1122.0,4
2353,Dominique,Werner,yvette16@example.net,20,Sweden,391.309.6761,2020-09-17,Clerk,3124,5670.0,4
8122,Karen,Castaneda,michaelwebb@example.org,32,Germany,496-777-8324x558,2023-06-29,Clerk,3342,1234.0,5
4754,Isabella,Hicks,upierce@example.net,50,Yemen,(348)466-7715x89867,2021-12-24,Engineer,3018,3344.0,4
5436,Laura,Berg,austinpatricia@example.net,59,Suriname,+1-776-825-3585x71900,2022-05-01,HR,1424,9101.0,4
6662,Alison,Bell,harrischad@example.com,66,Svalbard & Jan Mayen Islands,933-483-0826,2021-02-03,Clerk,2388,1234.0,2
3764,Megan,Garcia,murphyshannon@example.net,55,Jordan,837.786.4071x55097,2019-12-15,Assistant,1578,1234.0,2
2483,Crystal,Smith,zmiles@example.com,37,Saint Helena,+1-341-781-5571x0991,2021-11-28,Assistant,1296,5670.0,3
2579,Michael,Martin,james55@example.com,61,Saint Barthelemy,001-823-365-4957,2021-01-02,Engineer,3818,3344.0,1
7256,Joseph,Lewis,ijohnson@example.org,45,Norfolk Island,7035193384,2021-05-16,Intern,2122,9101.0,2
4423,Brianna,Chase,andrew25@example.com,26,Syrian Arab Republic,001-572-482-0921x198,2023-02-09,Clerk,4269,5670.0,3
1068,Martha,Stanley,woodwarddeborah@example.net,18,Germany,001-966-351-8931,2019-12-22,Clerk,1235,1234.0,4
1866,Raymond,Quinn,vwilliamson@example.com,34,Niue,363.478.2712x2442,2023-01-09,Clerk,3204,5670.0,3
7742,Samantha,White,smithjennifer@example.org,29,Djibouti,+1-248-754-7162x10150,2023-06-01,Accountant,2631,5670.0,5
9974,Kimberly,Walls,barnesapril@example.net,64,Nicaragua,001-517-996-0926x55454,2020-10-17,Engineer,3335,5670.0,5
5061,Katherine,Brown,diazdaniel@example.com,21,Aruba,(245)225-0379,2023-10-09,Engineer,3056,3344.0,4
7839,Jessica,Kaufman,pdurham@example.org,20,Sudan,(534)286-5252,2023-08-16,Salesperson,2733,1234.0,4
4670,Toni,Briggs,jason18@example.org,33,Tunisia,397.252.2524,2020-08-15,Analyst,3154,9101.0,3
3406,Carlos,Henderson,amberperkins@example.net,20,Mali,903.763.7405x230,2022-04-30,Assistant,3304,3344.0,2
4180,Stephanie,Fisher,michael33@example.org,37,Belize,479.559.7338x8854,2021-09-12,Accountant,2325,5670.0,1
8257,Daniel,Wyatt,gravesjulie@example.org,42,Iran,001-800-736-3562x5491,2023-04-22,Analyst,4403,9101.0,1
9898,Heather,Thompson,pattonchristopher@example.com,70,Liberia,684.339.5660x59347,2020-09-09,Assistant,1660,1234.0,3
7047,Katherine,Wright,winterstammy@example.org,71,Malaysia,319.728.1200x99482,2023-05-16,Intern,1545,5670.0,5
7031,Amanda,Campos,johnwilson@example.com,65,Dominican Republic,001-493-202-6177,2023-04-01,Intern,1853,1234.0,1
7439,Jennifer,Harrison,joseph19@example.com,28,Turkey,(423)905-8961x144,2022-06-12,Assistant,2014,3344.0,1
7110,Stephen,Morris,wduncan@example.net,67,Egypt,484.592.9348x425,2023-09-14,Intern,4408,3344.0,1
8395,Sean,Carlson,jasmineblack@example.com,25,Azerbaijan,+1-933-329-9448,2019-07-11,Salesperson,1405,1234.0,5
6285,Michele,Pace,scottrenee@example.com,30,Saint Vincent and the Grenadines,+1-781-315-7094x3089,2021-03-15,Intern,1715,1122.0,3
8808,Andrew,Pittman,henrygarza@example.net,74,Peru,001-910-594-4943x20333,2020-11-28,Intern,3804,9101.0,5
6032,Andre,Brown,gnunez@example.net,49,Burundi,+1-316-661-2098,2019-05-03,Engineer,4343,1122.0,1
4952,Rachel,Garcia,williamsmatthew@example.com,62,Kenya,+1-773-715-1240x5664,2020-07-20,ITProgrammer,4160,1122.0,4
8623,Emily,Glass,johnhernandez@example.net,64,Lithuania,852.364.9996,2023-11-11,Intern,2707,3344.0,2
8325,Kimberly,Walsh,xhuerta@example.com,38,Tanzania,435-306-2777,2019-04-29,Clerk,1111,3344.0,3
9741,Alexandra,Turner,hortiz@example.net,54,Norway,652-880-0436x221,2022-02-17,Analyst,3306,9101.0,5
9269,Matthew,Case,allison07@example.net,49,Czech Republic,+1-592-403-6389x830,2021-05-05,Salesperson,1760,1234.0,2
6021,Kimberly,Carroll,flemingmichelle@example.com,36,Martinique,(283)314-6972x95976,2021-08-27,ITProgrammer,1974,9101.0,3
6858,Mark,Brady,kerry89@example.com,36,Djibouti,732-361-1745,2023-07-19,Engineer,2812,3344.0,3
7019,Robert,Contreras,bgonzalez@example.com,72,Belarus,001-757-531-8887x0039,2023-05-04,ITProgrammer,3715,1234.0,2
6852,Caleb,Montgomery,joseph60@example.net,37,Ghana,001-338-462-9450x720,2023-10-04,Assistant,3500,1122.0,2
8531,Anthony,Henson,apark@example.net,59,Rwanda,+1-379-527-6550,2022-08-06,Clerk,1766,3344.0,5
2524,Mallory,Riggs,josephparsons@example.net,52,Myanmar,+1-389-301-2469x07424,2020-05-18,ITProgrammer,4312,1122.0,3
5729,Gloria,Reyes,christopher68@example.org,23,Gambia,(329)827-4996,2022-01-07,Accountant,1305,3344.0,5
6645,Sharon,Pratt,sean02@example.com,67,Japan,697.707.2317,2023-07-31,ITProgrammer,1813,9101.0,4
9527,Tina,Obrien,yespinoza@example.org,23,Morocco,886-252-5898x1680,2023-11-29,HR,2603,3344.0,4
4722,Darren,Johnson,brownangela@example.com,38,Comoros,925.431.6995,2022-09-23,Salesperson,2369,1122.0,4
1148,Ashley,Hill,johnortiz@example.net,41,Pitcairn Islands,883-640-2163x5884,2021-01-06,HR,2326,1234.0,2
6422,Ricky,Smith,wanda50@example.net,73,Falkland Islands (Malvinas),001-560-304-5045,2019-04-22,Analyst,2987,1234.0,4
9515,Ashley,Marshall,angela79@example.com,21,Tokelau,001-343-945-3881x021,2019-03-08,Analyst,4318,9101.0,2
8002,Corey,Thompson,jeanette80@example.net,53,Sudan,227-607-0541x7167,2019-11-19,Intern,2412,5670.0,2
8692,Robin,Lyons,bautistajulie@example.net,64,Peru,996-502-7060x330,2019-06-28,Salesperson,3544,1234.0,2
2485,Tina,Bates,zpierce@example.org,71,Namibia,353-473-9919x34832,2021-03-07,ITProgrammer,1438,9101.0,4
2436,Kelly,Morton,brentdavis@example.com,50,Lao People's Democratic Republic,+1-342-887-8934,2020-12-14,Accountant,3680,5670.0,5
1439,Danny,Richards,willischristine@example.org,28,American Samoa,592-376-6607,2019-04-15,HR,2157,1122.0,1
6898,John,Sanchez,jordanjarvis@example.org,28,Saint Helena,+1-853-401-2718x665,2022-12-16,Salesperson,1415,1122.0,5
9793,Mark,Skinner,hallandrew@example.org,63,Samoa,209-631-0200x51851,2020-08-27,ITProgrammer,2921,1234.0,5
3054,Marvin,Griffin,bmack@example.com,46,Turkey,991-572-5192x94826,2022-09-26,Engineer,1323,1122.0,2
7003,Jason,Sampson,rmartin@example.org,45,Madagascar,8427723138,2021-09-01,ITProgrammer,2231,3344.0,1
4241,Alexandra,Rodriguez,carl97@example.com,51,Guernsey,857-874-6233x033,2020-12-04,Analyst,2679,5670.0,5
1152,Victor,Beck,brewerelizabeth@example.net,26,Saint Helena,945-305-4584,2023-02-26,Engineer,2531,9101.0,5
5741,Erica,Bennett,kimdavis@example.org,22,Cambodia,(788)447-9148x927,2022-02-06,ITProgrammer,2928,1122.0,1
4799,Annette,Hernandez,lesterstephen@example.com,75,Swaziland,714-745-2872x11654,2019-06-18,Accountant,4052,3344.0,5
5548,Harry,Gonzalez,nsmith@example.org,36,Saint Barthelemy,001-208-723-8047x8131,2021-12-14,HR,3564,5670.0,3
5897,Gina,Thompson,hansenkylie@example.net,23,Northern Mariana Islands,515.305.8084,2023-09-04,Assistant,1723,5670.0,5
9867,Cynthia,Torres,garciaseth@example.net,46,Congo,814.889.7335x7300,2021-09-16,Assistant,4226,5670.0,3
4009,Brianna,Carroll,jennifer92@example.org,61,Brazil,624.970.9561,2022-01-17,Clerk,3792,3344.0,4
5863,Deborah,Owens,harnold@example.com,25,Benin,+1-448-559-2918x74426,2019-07-02,Salesperson,2546,1122.0,5
1921,Jason,Conrad,brucehall@example.org,62,Qatar,705-539-5011x9357,2019-10-08,Clerk,2559,1234.0,1
9978,James,Hart,justinscott@example.com,45,Antarctica (the territory South of 60 deg S),271.629.4445,2020-05-19,Accountant,2262,1122.0,5
2746,Deborah,Taylor,mcdonaldrobert@example.org,49,Uzbekistan,001-240-487-8785x32906,2022-09-21,Accountant,2331,1234.0,3
3303,Judy,Bennett,browncurtis@example.com,45,Bangladesh,(439)900-2386x32819,2021-06-10,Accountant,1344,9101.0,1
4437,Karen,Figueroa,ramireztiffany@example.net,65,Uganda,777-579-8872,2020-10-03,Analyst,3361,3344.0,1
7131,Sarah,Carson,conwaykaren@example.net,39,United Kingdom,315-551-2483x2742,2021-06-08,Intern,3621,9101.0,5
9685,Heather,Baker,michaelpena@example.org,28,Costa Rica,+1-285-260-3748x170,2022-06-25,Assistant,3612,1234.0,1
7882,Susan,Sims,robertmarshall@example.org,72,Western Sahara,209-331-5108x64509,2022-07-05,Analyst,3064,3344.0,5
9599,Ruben,Robinson,smithlisa@example.net,57,Oman,9024207839,2021-02-23,ITProgrammer,2068,1122.0,5
6699,Steven,Malone,katherine74@example.net,60,Brunei Darussalam,5229035385,2022-05-18,Intern,1057,9101.0,5
5628,Catherine,Lee,carladouglas@example.org,28,Swaziland,(353)455-4105,2021-08-21,Analyst,3888,3344.0,1
9985,Jose,Becker,cfuller@example.org,56,Angola,(321)592-4395,2021-05-19,Analyst,2607,5670.0,3
1837,Rebecca,Sanchez,ophelps@example.com,36,Czech Republic,001-593-824-3337,2021-10-30,Intern,2315,5670.0,4
2439,Charles,Hudson,curtisdylan@example.org,64,Kuwait,(313)615-5074x4151,2021-04-21,Engineer,2635,3344.0,3
3507,David,Cole,qsimmons@example.com,67,Venezuela,(222)999-7505,2020-04-02,HR,3196,5670.0,2
8885,Michael,Gonzales,ywagner@example.org,22,Bahrain,582-218-6539,2023-03-10,Assistant,3991,3344.0,5
5424,Katie,Young,christopherwoods@example.com,61,British Virgin Islands,+1-765-290-3000x660,2021-02-21,Accountant,2256,1122.0,2
1071,Sheri,Clayton,debra42@example.com,66,Guinea-Bissau,001-878-723-3728x4195,2021-12-25,Analyst,4108,1122.0,5
8868,Gabriel,Little,beverly63@example.org,20,Belize,865.739.9907,2023-02-20,Intern,3361,5670.0,1
4457,Aaron,Harrington,bchapman@example.org,57,Argentina,831-341-2755x3900,2020-10-15,Salesperson,2327,3344.0,4
6731,Nicole,Carter,kgarza@example.com,75,Northern Mariana Islands,(927)938-9372,2021-08-27,Intern,1048,5670.0,1
7841,Andre,James,esmith@example.com,66,Armenia,377.682.7056x2111,2020-12-26,HR,3966,9101.0,3
1963,Briana,Armstrong,gpotter@example.org,38,Wallis and Futuna,001-821-869-3184,2022-02-08,Accountant,4115,5670.0,5
2136,Lisa,Johnson,charlesbeasley@example.net,64,Mayotte,(923)973-4239x376,2022-11-26,Accountant,1132,3344.0,5
3747,Randall,Owens,nathanpugh@example.org,25,Sao Tome and Principe,001-853-263-4839x6174,2020-02-15,Analyst,2539,5670.0,2
9105,Gregory,Wise,savannah34@example.net,47,Swaziland,813.640.9691x1133,2021-02-19,Accountant,3932,1122.0,5
2042,Brenda,Richards,amandaparker@example.com,55,Bhutan,841-594-0711x94391,2023-05-30,Intern,2533,3344.0,5
5135,Elizabeth,Wilson,mcdonaldmichael@example.org,33,South Georgia and the South Sandwich Islands,810.303.5050,2022-05-27,Accountant,1226,1234.0,2
9181,Rick,Wilson,gabrielwilson@example.net,27,Slovenia,(396)299-2413x71081,2020-04-09,ITProgrammer,3492,1234.0,4
8429,Sara,Gray,carla82@example.com,52,Panama,(422)345-3904x67914,2020-01-02,Intern,3271,5670.0,3
4595,William,Jones,diane13@example.com,44,Somalia,+1-253-562-6827x803,2020-09-14,Assistant,2124,5670.0,5
2534,William,Barnes,martha16@example.net,23,Sierra Leone,+1-221-729-0607x5977,2020-04-20,Assistant,2922,1122.0,2
8378,Jennifer,Lester,kristy34@example.com,71,Mauritius,870-399-8609,2022-08-26,Analyst,3409,1122.0,4
2747,Kathleen,Mills,sarah68@example.org,27,Guyana,001-587-730-8225x2297,2022-08-11,Assistant,1546,1234.0,2
1093,Mark,Calderon,browntheresa@example.com,39,Japan,001-475-724-3195x46900,2023-07-21,HR,2449,3344.0,2
6590,Matthew,Benson,iwalter@example.org,72,Poland,001-987-707-5562x69626,2020-04-30,HR,1870,5670.0,2
1208,Jonathan,Lloyd,yweiss@example.com,50,Ecuador,(639)401-1904,2022-07-30,Intern,3788,9101.0,3
2149,Claudia,Ho,ashley86@example.org,57,Palau,+1-719-769-5599x8144,2023-08-27,Intern,3599,9101.0,3
7929,Jennifer,Washington,nward@example.net,39,Lebanon,7596291574,2022-03-07,Intern,2861,9101.0,5
2128,Andrea,Proctor,oliviaroberts@example.com,60,Sweden,+1-310-336-7180x9157,2019-10-22,Engineer,1896,1234.0,4
1619,Traci,Cobb,imorrow@example.com,45,Turkey,+1-415-854-7419,2023-08-19,Salesperson,1016,3344.0,5
7807,Jillian,Gibson,george40@example.com,38,Brazil,7384587078,2019-05-16,Engineer,3868,3344.0,4
2781,Carla,Norton,lori74@example.net,33,Venezuela,001-776-277-7813x34943,2023-05-09,HR,2101,1234.0,3
1367,James,Chang,jennifer65@example.org,19,Bouvet Island (Bouvetoya),001-871-357-7971x870,2022-09-08,Intern,2520,9101.0,4
3737,Kurt,Huffman,coleobrien@example.net,54,Tokelau,7904231287,2019-08-14,Clerk,3972,9101.0,2
9945,Thomas,Smith,angelmorton@example.com,74,Nepal,001-892-515-4549x9971,2023-08-26,Clerk,3663,1234.0,1
6642,John,Myers,matthew82@example.net,75,Western Sahara,001-941-961-3965x8888,2020-09-30,Analyst,3439,1122.0,5
5950,Margaret,Jones,amanda22@example.org,36,Romania,923.934.4457,2022-04-29,Engineer,4446,1122.0,4
3278,Benjamin,Moody,rodney77@example.org,25,Monaco,5815291946,2022-06-21,HR,3204,1234.0,4
6269,Bryan,Harris,xallen@example.com,44,French Southern Territories,870.323.4334x573,2022-06-01,Analyst,3854,9101.0,2
2486,John,Martin,andres23@example.org,70,Palestinian Territory,001-227-291-4710,2021-06-21,Salesperson,1727,5670.0,5
6993,Olivia,White,rosskyle@example.net,64,Jersey,001-475-370-0950x007,2022-06-25,Accountant,3531,5670.0,5
5255,Richard,Mejia,howellstephanie@example.net,68,Monaco,414-583-9806x318,2019-11-25,Engineer,2445,1122.0,5
3036,Marc,Aguirre,peter31@example.net,66,Barbados,+1-638-619-2893x5280,2019-08-26,Accountant,1757,5670.0,1
3319,Susan,Rosales,thomascastillo@example.org,44,Cuba,352.433.2172,2019-11-10,Analyst,4052,1234.0,1
7568,Michelle,Petersen,singhjohn@example.net,21,Heard Island and McDonald Islands,784-426-7877x593,2023-09-19,Analyst,1559,3344.0,3
8583,Laura,Rogers,monicamartinez@example.org,28,Sri Lanka,923.705.2501x8376,2021-04-16,Intern,3098,9101.0,3
3794,Cassandra,Bond,bushjames@example.org,72,Nicaragua,+1-412-671-2874x4974,2022-08-23,Assistant,1046,1122.0,3
2402,Michael,Wheeler,moniquesmith@example.net,23,Monaco,(656)763-6658x402,2019-10-07,Analyst,1275,1122.0,4
9967,Ashley,Perez,qcoleman@example.org,46,Cambodia,+1-715-255-8880,2021-02-02,ITProgrammer,1283,5670.0,5
9493,Robert,Brooks,clarkemichelle@example.net,74,New Caledonia,9497041622,2021-07-08,Assistant,2538,5670.0,4
7773,Stacey,Cox,ryoung@example.org,43,Cyprus,7222669156,2019-08-01,Intern,3618,9101.0,5
1780,Chase,Evans,kbird@example.com,70,Rwanda,335.639.6979x95716,2022-02-27,Analyst,3677,1234.0,1
7381,David,Johnson,benjamindaniel@example.com,20,Italy,(710)607-2028x67593,2021-06-02,Assistant,2655,5670.0,5
6971,Christopher,Tanner,jonesheather@example.net,24,French Guiana,(522)751-9776,2023-11-19,HR,1103,3344.0,2
5083,Michelle,Pearson,adamsjeffrey@example.org,39,Romania,(659)873-6083x34325,2018-12-04,Analyst,2907,9101.0,2
4432,Laura,Nelson,nguyenteresa@example.net,69,Philippines,(893)647-2340x5448,2019-10-17,Assistant,2617,5670.0,3
1436,Martin,Bradford,samanthakim@example.com,35,Armenia,001-384-578-9081x84777,2022-08-10,Salesperson,3159,9101.0,2
1541,Erik,Phillips,ronald87@example.org,65,Botswana,289-910-7101x309,2019-12-13,Salesperson,1907,1234.0,5
8565,Nicholas,Owens,vdixon@example.org,50,Central African Republic,534-447-8497x144,2018-12-11,Accountant,1445,1234.0,3
1497,Robert,Parrish,steven51@example.org,69,United Kingdom,927-595-8809x7422,2021-11-07,HR,3166,1234.0,2
8842,Steven,Bentley,jamescarter@example.org,30,Pitcairn Islands,689-887-0348x861,2020-07-12,ITProgrammer,1663,1234.0,3
6837,Noah,Long,peckjennifer@example.com,67,San Marino,587.362.8460,2023-11-25,Clerk,3349,3344.0,2
9234,Steven,Kirby,charleswhitaker@example.net,33,Netherlands,558.274.4197,2023-02-04,Clerk,1863,1122.0,3
3471,James,Ware,batesmatthew@example.net,35,El Salvador,778.666.2679x88962,2020-07-04,ITProgrammer,3298,1122.0,5
9815,Maria,Rhodes,delacruzadam@example.org,23,Paraguay,+1-831-596-9931x2283,2020-11-10,Engineer,3758,9101.0,1
7142,Gabrielle,Barrera,oturner@example.org,38,Albania,962.891.8966x12620,2022-08-16,Intern,3281,1234.0,4
8057,Eric,Smith,xjones@example.net,51,Syrian Arab Republic,001-262-677-2309,2018-12-16,Salesperson,1113,3344.0,1
1808,Amanda,Taylor,mitchellzachary@example.org,32,Italy,(848)269-6834x7478,2020-01-20,Assistant,2122,5670.0,2
9174,Richard,Walter,kennethmoore@example.com,40,Anguilla,972.451.8618x938,2020-07-29,Assistant,4344,9101.0,5
9908,Susan,Peck,justinvillegas@example.net,60,Belarus,+1-658-565-5021x892,2022-10-27,Intern,3359,9101.0,1
9841,Kristen,Reid,chavezkevin@example.org,68,San Marino,001-380-817-2997x93866,2021-01-31,Salesperson,3834,5670.0,1
2049,Michael,Mccarthy,rachel82@example.com,39,Kazakhstan,+1-562-521-8099x13726,2022-11-12,HR,2333,3344.0,4
4052,Nicole,Davis,jasonspencer@example.com,61,Mexico,001-613-449-7449x5100,2019-09-04,ITProgrammer,1433,5670.0,5
8268,Christina,Johnson,umckenzie@example.org,48,Guernsey,001-942-355-7000x57387,2020-07-17,Clerk,2378,5670.0,5
9251,Sean,Combs,melissaallen@example.org,29,Poland,+1-883-887-6137x63833,2020-07-01,Engineer,2793,9101.0,5
3531,Jennifer,Carpenter,craig27@example.net,54,Cook Islands,+1-692-748-3691x5278,2023-09-21,Salesperson,1923,9101.0,1
7061,Noah,Lyons,andrewtownsend@example.com,68,Antigua and Barbuda,886.958.7408,2019-12-07,Salesperson,3069,1234.0,3
4131,Kenneth,Bender,james63@example.com,60,Jordan,001-446-472-0638x7415,2021-12-19,HR,3782,1122.0,5
8183,Albert,Morgan,jodi94@example.org,33,Ukraine,+1-689-240-3529x649,2021-06-06,Engineer,4415,3344.0,5
7303,Kimberly,Schaefer,susanrodriguez@example.com,39,Belgium,807-341-1896,2021-05-16,Analyst,3276,3344.0,5
4549,Abigail,Warren,ncollins@example.com,31,Turkmenistan,278-379-5742x57717,2019-04-04,Intern,4079,1234.0,3
5261,Mark,Bennett,millermeghan@example.org,35,Moldova,494.814.3052x384,2021-11-10,Assistant,1007,1122.0,4
7129,Jacob,Good,jeanettemorris@example.net,58,Kuwait,6567774500,2020-12-18,Accountant,1851,5670.0,1
4446,Manuel,Cook,savery@example.net,38,French Polynesia,533-894-4598,2022-09-07,Salesperson,1971,5670.0,2
5149,Carl,Chase,kathleen48@example.org,32,Saint Vincent and the Grenadines,+1-545-813-9987,2019-07-02,HR,1243,1234.0,4
8486,Blake,Moran,lfoster@example.net,72,Madagascar,795.217.5097,2019-12-05,Salesperson,1470,9101.0,1
8648,Melissa,Pacheco,johnsonroger@example.net,38,Aruba,001-424-951-1184x617,2022-01-08,Assistant,1001,1234.0,4
5569,Jessica,Harrison,danielle22@example.net,39,Netherlands Antilles,637-626-2989x96431,2022-11-28,Engineer,1300,5670.0,4
4601,Stephen,White,hjoyce@example.org,54,Bosnia and Herzegovina,4449020401,2021-09-21,Assistant,3925,3344.0,4
1946,Stanley,Martinez,hollowaycarrie@example.org,56,Czech Republic,771.756.9119,2019-04-22,ITProgrammer,1024,5670.0,4
1719,John,Johnson,ngordon@example.org,22,Germany,001-360-829-8550,2020-12-16,Salesperson,4471,5670.0,2
6382,Anthony,Bartlett,tarabrown@example.net,75,Tokelau,6946956277,2021-09-20,Intern,3970,9101.0,1
3632,Keith,Mayo,atkinssamuel@example.com,38,Nicaragua,001-234-878-5584x08691,2020-09-29,Salesperson,3754,1122.0,4
2477,Amber,Walls,ascott@example.com,47,Greenland,001-454-674-4615x77643,2021-01-01,Clerk,3023,9101.0,3
6633,Melissa,Oliver,jennifer23@example.org,75,New Caledonia,4614971760,2022-11-27,ITProgrammer,1165,1122.0,3
3298,Adam,Davis,knightbrian@example.org,34,Russian Federation,001-587-250-7309,2020-07-14,Clerk,2074,5670.0,4
6584,Frank,Wiley,thatfield@example.net,70,Svalbard & Jan Mayen Islands,001-488-992-9072x3346,2022-01-09,Salesperson,3842,5670.0,2
3123,Kathryn,White,qthomas@example.org,33,Monaco,555.748.8579x1398,2023-01-10,ITProgrammer,3715,3344.0,1
7038,Roberta,Zimmerman,jadams@example.org,39,Mauritania,627-544-4288x770,2019-04-20,HR,1159,5670.0,4
6801,Brittney,Butler,robertsmith@example.org,32,Saint Pierre and Miquelon,7156839864,2021-10-22,Intern,2149,1122.0,3
6497,Matthew,Wells,vyork@example.com,23,Mauritius,+1-606-256-2593x743,2019-04-12,HR,4091,1122.0,5
8419,Alan,Davidson,gilbertapril@example.com,51,Saint Pierre and Miquelon,001-499-637-5752x60081,2020-09-23,Clerk,3899,1122.0,3
1498,Melissa,Spencer,wilsonjoanne@example.com,48,Bangladesh,730-596-6079x459,2021-09-01,Clerk,1661,5670.0,3
9959,Robert,Bennett,aaroncarr@example.org,32,Canada,889.671.2955x61258,2023-09-01,Salesperson,1810,3344.0,5
3886,Adrian,Mendoza,fsingh@example.com,20,Greenland,878.920.8559x245,2018-12-31,ITProgrammer,3737,1234.0,3
2214,Thomas,Mcknight,robersonjennifer@example.org,23,Vanuatu,(623)383-6030x5220,2023-07-14,HR,4492,1122.0,4
7150,Christina,French,sharonreese@example.net,44,British Indian Ocean Territory (Chagos Archipelago),+1-733-202-3858x99388,2020-07-07,Intern,2440,5670.0,2
7331,Maria,Moon,theresaalexander@example.com,31,Sudan,251-934-6566,2021-03-21,Accountant,1211,1122.0,3
4086,Ryan,Sellers,michael70@example.net,70,Monaco,379.379.2990x301,2022-04-13,HR,3466,1122.0,4
1742,Laura,Alvarez,kevingarcia@example.net,65,Indonesia,996-259-1244,2019-10-08,Engineer,3098,5670.0,3
4335,Hannah,West,qmcmillan@example.com,48,Bahrain,509-678-6778x5152,2022-02-21,Accountant,2369,9101.0,4
3721,Donald,Ortiz,carlsonjonathan@example.net,75,Samoa,4898366971,2023-09-05,Salesperson,3259,5670.0,4
4651,Jose,James,ellisrebecca@example.net,50,El Salvador,466.451.5624,2023-01-27,Accountant,2418,9101.0,1
3975,Jack,Fitzpatrick,aaronlopez@example.org,46,India,001-619-660-3562x2598,2023-03-24,Assistant,2975,9101.0,3
9266,Amy,Moore,blankenshipdavid@example.net,66,Mozambique,(586)292-8018,2021-07-06,Engineer,3445,1122.0,5
1620,Lance,Jennings,qpeterson@example.org,39,Russian Federation,001-677-675-3442x8504,2019-10-11,HR,1172,5670.0,2
8788,Wayne,Jones,lijohn@example.org,67,Swaziland,(900)609-3973x755,2021-09-29,HR,3900,5670.0,2
6386,Mary,Smith,khall@example.com,67,Yemen,(264)213-5874,2022-11-24,Intern,4075,3344.0,5
6015,Brandy,Kane,juan26@example.org,36,United States of America,(251)933-0965,2023-09-21,Engineer,2261,3344.0,3
5272,John,Orr,kimberlykeith@example.com,26,Slovakia (Slovak Republic),6872418468,2023-01-18,HR,2249,1234.0,2
4049,Bradley,Gilmore,lnash@example.org,58,Christmas Island,(915)309-2550,2023-01-09,Accountant,1058,3344.0,3
8253,Emily,Mcdonald,karen68@example.net,23,Saint Kitts and Nevis,+1-898-266-4992x054,2023-07-18,HR,3302,9101.0,2
7587,Brooke,Washington,sergio65@example.com,33,Taiwan,001-281-450-3581x57150,2023-10-22,Intern,1981,5670.0,4
2088,Ross,Estrada,erica16@example.net,50,Dominica,664-731-1017x2549,2019-12-07,Assistant,4308,3344.0,1
4227,Christopher,Garcia,aaron13@example.org,46,Sweden,976-849-9443x0818,2019-08-07,Assistant,3228,5670.0,5
3142,Jennifer,Martinez,longkevin@example.org,42,Ukraine,586-396-7629,2019-06-15,Salesperson,1497,5670.0,5
4809,Kevin,Grant,wcarey@example.net,55,American Samoa,363.283.5321x6055,2022-10-11,ITProgrammer,2235,1122.0,3
9743,Darius,Clark,melissatodd@example.org,19,Madagascar,+1-534-886-8513,2021-04-20,Salesperson,3724,3344.0,1
8384,James,Jones,wdoyle@example.net,56,Iran,001-837-432-6763x23091,2020-09-29,HR,1841,1234.0,4
2953,Erik,Padilla,cristinabrown@example.org,39,Panama,369-571-9840x926,2021-09-30,Intern,3255,5670.0,3
2036,Gary,Reed,robin82@example.org,46,Vanuatu,397-335-6235,2021-03-01,Analyst,3200,3344.0,1
3402,Erin,Carter,idavis@example.com,46,Antarctica (the territory South of 60 deg S),001-675-670-2051x6461,2023-09-11,Engineer,1661,3344.0,5
1629,Robin,Carr,timothy03@example.org,34,Brunei Darussalam,636.889.5113,2023-06-23,HR,4296,1122.0,2
4620,Laura,Adams,wendybest@example.com,65,Gabon,+1-793-442-7298x29516,2021-12-10,ITProgrammer,3318,5670.0,2
6231,Steven,Nichols,millerelizabeth@example.org,50,Antigua and Barbuda,509-343-4844,2023-10-16,Engineer,1326,1122.0,3
6566,Philip,Johnson,teresa94@example.com,64,Germany,798-466-9440,2019-01-21,Analyst,2746,1122.0,1
2767,Malik,Campbell,hopkinskim@example.org,29,Peru,(948)952-8281,2020-11-13,Clerk,3973,5670.0,5
8182,Amber,Long,shepardjared@example.net,23,Croatia,613-976-2357x7051,2018-12-18,Clerk,2295,5670.0,1
2333,Dawn,Hill,gutierrezkathleen@example.org,35,American Samoa,745-311-8183,2019-01-03,Intern,1572,5670.0,5
7668,Sherry,Rivera,carteranthony@example.net,64,Timor-Leste,001-509-275-4734x3608,2023-02-03,ITProgrammer,3485,1234.0,3
1361,Brian,Payne,foxraymond@example.org,50,Montserrat,346-649-5915,2022-08-14,Intern,2415,3344.0,1
7971,John,Smith,tgarcia@example.net,60,Mayotte,(459)429-0127,2021-11-09,Engineer,1912,1122.0,1
5370,David,Stevens,kimberly42@example.net,60,Greenland,246.566.3529,2019-03-19,Clerk,4272,5670.0,3
1640,Clifford,Patel,crystalwarren@example.org,55,Sweden,308.395.7195,2023-07-29,Analyst,2481,5670.0,4
3134,Lauren,Drake,lisa46@example.com,22,Paraguay,4539352693,2019-08-15,Salesperson,4102,1122.0,3
3883,George,Adams,elaine12@example.com,70,Iran,679-670-7363x683,2020-08-06,Salesperson,3746,9101.0,2
6311,Samuel,Murray,tcherry@example.com,38,Italy,001-888-674-2470x125,2020-03-05,Engineer,2507,9101.0,2
1821,Dawn,Washington,ortizseth@example.net,46,Falkland Islands (Malvinas),+1-461-790-8944x6755,2020-09-08,Engineer,4180,1234.0,1
5992,Victoria,Bray,lbeltran@example.com,23,Congo,852-883-7846x05022,2021-09-01,Clerk,1283,1234.0,1
3840,Raymond,Weiss,vthornton@example.org,33,Fiji,(454)200-6926x472,2022-05-02,Analyst,2757,1234.0,5
1938,Evan,Odonnell,vanessasmith@example.net,71,Kuwait,626-285-7950x301,2021-07-03,Analyst,3398,3344.0,4
8894,Alan,Schmidt,abbottkaren@example.net,29,Cuba,211.911.7356x294,2021-05-07,Analyst,2927,1234.0,3
4089,Ryan,Garcia,fsmith@example.org,38,Isle of Man,821.934.2479x2022,2023-08-31,Engineer,2859,5670.0,4
5431,Colleen,Burton,snydernicole@example.com,57,Falkland Islands (Malvinas),001-609-277-6835x5293,2021-03-14,Intern,3803,3344.0,4
7318,Walter,Tran,epugh@example.org,30,Lao People's Democratic Republic,291.531.7676x77552,2020-03-16,Assistant,4367,1122.0,3
1595,Jennifer,Solis,ashley85@example.com,24,Qatar,431.426.4666,2019-06-04,Assistant,2124,5670.0,2
4999,Jeremy,Edwards,mwarren@example.com,60,Sao Tome and Principe,308.506.7109,2019-10-04,HR,2740,5670.0,4
4846,Sarah,Miller,erichudson@example.net,29,Cocos (Keeling) Islands,829-799-0471x20630,2022-08-13,Assistant,2550,5670.0,5
3853,Jacob,Curtis,meghansmith@example.org,34,Tonga,001-887-410-1844x2002,2022-03-18,Intern,4349,1122.0,5
7674,Randall,Frazier,njones@example.net,54,British Indian Ocean Territory (Chagos Archipelago),+1-974-743-5830x405,2021-07-26,Intern,2810,3344.0,1
2555,Tonya,Wade,pearsonbrian@example.net,26,United States Minor Outlying Islands,281.659.0305x6732,2019-06-29,Salesperson,3883,5670.0,1
1190,Tabitha,Sosa,thomasgray@example.com,48,Austria,941.638.1497,2019-05-19,Assistant,1807,5670.0,4
3567,Robert,White,nicole81@example.com,43,Western Sahara,+1-246-841-1300,2019-12-03,Intern,4431,5670.0,3
2932,David,Huang,grahamronald@example.org,29,Bulgaria,(693)507-2467x39721,2021-02-27,Analyst,4441,9101.0,1
7904,Maria,Harrison,kimberlywatkins@example.org,36,Senegal,392-211-2442,2022-07-25,HR,3602,9101.0,1
4240,Nathaniel,Walker,qthomas@example.net,22,North Macedonia,650-924-1783,2021-12-12,Assistant,2756,1234.0,5
1692,Laura,Ibarra,opatterson@example.net,34,Bhutan,+1-904-476-7456,2022-04-13,HR,3917,3344.0,1
3905,Jason,Wright,davidanderson@example.com,47,Italy,(797)598-2172x14389,2023-08-26,Analyst,3498,1234.0,5
2816,Austin,Nicholson,steven11@example.com,68,Honduras,2037311147,2022-04-08,HR,2664,1122.0,2
4083,Michaela,Smith,efleming@example.net,19,Montserrat,3476911306,2022-06-23,Salesperson,1092,1234.0,5
2549,Lindsay,Martin,balexander@example.com,33,Bahrain,+1-244-693-6417,2019-09-15,Intern,3837,1122.0,1
7098,Jose,Miller,emily47@example.net,47,Paraguay,(794)322-3820,2019-07-22,Clerk,4262,1122.0,4
6107,Janice,Scott,alexandervincent@example.org,26,Iraq,001-340-631-6617x0683,2023-06-26,Engineer,4454,5670.0,4
8967,Brittany,Velez,woodwardbrett@example.com,54,Guadeloupe,661-499-1176,2020-12-03,Assistant,2064,9101.0,5
1527,Bryan,Wilson,imiller@example.com,72,Canada,721.416.0266x536,2021-09-08,Assistant,1839,3344.0,4
5330,Anthony,Delacruz,ronald15@example.net,28,Benin,225-472-8749x36086,2023-03-11,Analyst,2817,1122.0,3
4112,John,Christian,stephanieroberts@example.com,32,British Virgin Islands,(374)999-0498x1120,2022-12-09,Intern,3876,3344.0,3
9564,William,Bryan,lhenry@example.com,63,Bouvet Island (Bouvetoya),(381)461-7020,2021-08-01,Assistant,3418,1234.0,4
4720,Sheila,Hughes,ysanders@example.com,31,Sierra Leone,001-873-286-3619x797,2019-01-22,Salesperson,3266,1234.0,3
8334,Timothy,Chandler,emoss@example.org,57,Poland,001-617-424-3554x099,2020-11-26,ITProgrammer,2822,5670.0,2
3203,Dylan,Hernandez,djennings@example.com,64,Namibia,215-534-3681x300,2019-07-24,Analyst,3448,9101.0,5
6917,Mark,Phelps,jacqueline34@example.org,67,French Southern Territories,001-879-946-0975,2021-12-09,Intern,1483,3344.0,1
5444,Crystal,Middleton,wheeleraaron@example.net,49,Heard Island and McDonald Islands,001-353-909-6492x90150,2022-09-16,Analyst,3503,1122.0,4
7788,Sandra,Stephens,colontimothy@example.com,24,Guinea-Bissau,807-475-5353x892,2023-04-14,Clerk,2253,9101.0,2
3770,Susan,Smith,martin38@example.org,45,Maldives,460.982.0033x640,2021-11-14,HR,1509,1234.0,4
7757,Natalie,Sloan,schroederkatherine@example.net,41,Saint Martin,336.798.9902x9532,2023-09-08,Accountant,3565,5670.0,1
1739,William,Hartman,garrisonhaley@example.org,48,Ireland,(274)699-6849x66780,2022-09-16,Salesperson,2264,1122.0,1
1198,Linda,Dunn,jonesnicholas@example.net,20,Syrian Arab Republic,+1-284-492-0066x6601,2020-05-08,Accountant,1632,9101.0,2
2802,Brandon,Santiago,ashley67@example.org,37,Pitcairn Islands,(891)661-5842x44428,2019-03-23,Analyst,4342,5670.0,4
1978,Steven,Fox,josephmcneil@example.com,68,Rwanda,001-287-938-0910x51884,2020-01-10,Intern,3233,9101.0,3
8993,Maurice,Gallegos,shahlisa@example.org,62,Dominica,344.559.6330,2022-01-31,ITProgrammer,1138,3344.0,2
3605,Ashley,Wilson,daisyvasquez@example.net,53,United Kingdom,720.696.8943,2023-10-18,Intern,3667,3344.0,4
8951,Derek,Hamilton,michelleroberts@example.org,72,United States of America,(294)890-0460x602,2021-04-27,Analyst,1980,1234.0,2
8693,Randy,Henry,heather95@example.net,40,Djibouti,+1-256-289-0615x282,2020-03-26,Salesperson,2304,9101.0,2
5813,Melissa,Hendricks,christine29@example.com,38,Lesotho,001-695-804-2070,2022-09-22,ITProgrammer,4224,1234.0,5
7115,Anthony,Hayes,merrittmichael@example.org,69,Denmark,(733)450-3415x8739,2020-07-19,Salesperson,3841,9101.0,5
8428,Alyssa,Burch,tonya81@example.com,72,Guadeloupe,001-808-604-0366x83848,2023-04-08,Intern,3585,1122.0,5
2994,Valerie,Lewis,sandra48@example.com,40,Barbados,638.261.4638,2023-07-10,HR,2174,1122.0,2
5032,Jacqueline,Schmidt,staceyanderson@example.org,23,Maldives,(469)272-5862x50956,2023-06-12,HR,1702,1122.0,5
7307,Donald,Taylor,ihendrix@example.com,31,Spain,+1-940-516-6750x77052,2021-02-20,Engineer,3374,1122.0,2
2617,Nicholas,Clark,michelepowell@example.com,75,Cameroon,377-971-1926x53970,2023-03-29,ITProgrammer,3549,1122.0,3
5561,Theresa,Hart,sanchezkatie@example.com,54,Saint Kitts and Nevis,(547)304-5088,2022-07-05,ITProgrammer,1040,9101.0,2
6287,Andrew,Pittman,callen@example.com,73,Gambia,830.243.9698,2021-01-16,Analyst,3851,9101.0,3
7879,Michael,Mayo,normamartin@example.org,75,Monaco,(793)627-3439,2020-12-21,Assistant,3435,3344.0,3
7588,Robert,Diaz,kayleeanderson@example.com,53,Bosnia and Herzegovina,(519)482-1932x8689,2019-05-15,Intern,2972,1122.0,5
5693,Megan,Sheppard,beverlydoyle@example.org,40,Suriname,920-523-5647x06871,2020-12-26,Engineer,1882,5670.0,4
6756,Anthony,Wise,dreese@example.org,41,Uruguay,001-489-714-3146x870,2020-03-26,HR,4012,3344.0,1
8542,Richard,Young,sheppardbeverly@example.org,49,Iceland,+1-818-554-5758x6575,2020-01-01,HR,2681,1122.0,2
9166,Natalie,Smith,stanleyjames@example.net,49,Saint Vincent and the Grenadines,001-309-746-0058x94369,2021-05-06,Clerk,2922,5670.0,4
9774,Bobby,Hernandez,hbrown@example.net,75,North Macedonia,+1-208-321-7614,2023-04-11,Clerk,2941,3344.0,5
2148,April,Lopez,storres@example.com,74,Botswana,453-761-6497x214,2023-02-14,Intern,1545,1122.0,3
6764,Brian,Carter,tyler01@example.net,27,Thailand,001-300-824-4302,2023-02-01,Clerk,3006,1122.0,1
2478,Jessica,Harrison,bauerdiane@example.org,45,Uruguay,951.275.3555,2022-10-28,Salesperson,2315,3344.0,1
4478,Meagan,Wilcox,allenberry@example.net,67,Tajikistan,+1-740-206-6785x542,2020-04-08,ITProgrammer,3736,1234.0,3
2516,Gregory,Taylor,clarkjames@example.com,40,French Southern Territories,001-474-485-8442,2022-01-01,Analyst,2127,9101.0,2
5462,Brenda,Martinez,cardenasrobert@example.org,24,Belgium,4369141736,2019-07-18,Intern,2194,5670.0,1
4065,Patrick,Wright,robertolynch@example.com,60,Cape Verde,827.350.4538,2020-08-29,Accountant,3316,9101.0,3
2769,Jessica,Logan,cruzdonna@example.com,66,Guernsey,963-639-4463x320,2020-08-29,Assistant,1227,1234.0,1
5999,Gabriel,Petersen,kennethvaughn@example.org,52,Denmark,962-927-4664x9171,2022-09-15,ITProgrammer,3137,5670.0,5
6834,Gail,Vasquez,cindy86@example.org,71,Congo,001-498-934-3654x939,2021-02-27,Accountant,3981,3344.0,2
2522,Alexander,Garcia,zpeterson@example.com,34,Netherlands,9636986968,2020-01-17,Accountant,1549,5670.0,4
9705,Anthony,Warner,coxmary@example.net,53,British Indian Ocean Territory (Chagos Archipelago),205.587.7331,2022-06-21,Assistant,3650,5670.0,5
2713,Matthew,Adams,ugonzalez@example.org,37,Albania,001-834-222-6343,2023-10-26,Engineer,2720,3344.0,1
8661,Joseph,Smith,pbrady@example.net,74,Uzbekistan,+1-635-454-0102x4016,2023-02-14,Assistant,3901,3344.0,3
4716,Todd,Taylor,arios@example.com,24,Netherlands,+1-697-253-7258x006,2021-05-25,Intern,3014,5670.0,4
6715,Linda,Smith,dalelopez@example.org,68,Jamaica,4354370254,2020-08-12,Salesperson,3857,9101.0,5
2676,Matthew,Dorsey,chad33@example.org,18,New Caledonia,(481)925-9144,2023-04-14,HR,1601,1234.0,2
4579,Nicholas,Romero,emily71@example.com,28,Georgia,+1-245-770-1309x2368,2021-03-25,Clerk,4376,3344.0,1
7741,Michael,Carter,zestrada@example.net,22,Poland,+1-490-762-6367x3494,2023-08-16,Accountant,3794,1122.0,2
5442,Joshua,Gibson,candace38@example.com,69,American Samoa,300-505-2337x83182,2023-06-04,Analyst,2924,1234.0,4
2076,Alexander,White,reidvincent@example.com,49,Trinidad and Tobago,689-226-0101x3827,2022-01-23,ITProgrammer,2387,9101.0,5
3307,Phillip,Lewis,barrkristen@example.com,26,Vanuatu,958.361.2244x86190,2021-09-17,Accountant,3489,5670.0,2
7405,Michael,Alvarez,millerjon@example.com,64,France,+1-824-957-6660,2023-10-16,Salesperson,2503,3344.0,3
3803,Connie,Torres,jensenharry@example.com,42,Dominican Republic,(971)906-7070,2023-10-08,Analyst,3976,1122.0,1
7886,Jennifer,Cross,riverarobert@example.com,51,Nauru,001-395-836-5723x51546,2022-11-26,ITProgrammer,1263,1122.0,1
9796,Christopher,Murphy,ramoschelsea@example.org,68,Palestinian Territory,526.953.8977x2387,2021-12-24,Clerk,1104,1234.0,5
1798,Jerry,Richards,brettbutler@example.org,41,Paraguay,488.848.0336,2021-11-14,ITProgrammer,1036,1234.0,4
6383,Megan,Campbell,stevensonsean@example.com,26,Northern Mariana Islands,603.612.0416x4474,2021-05-20,Intern,1649,5670.0,5
8315,Connie,Goodman,cody97@example.com,38,Tokelau,947.675.7693,2022-04-06,ITProgrammer,2183,9101.0,4
8920,Christian,Davis,christian67@example.net,18,Falkland Islands (Malvinas),350-798-1344x0637,2019-05-13,ITProgrammer,2224,9101.0,3
1984,Stephen,Schmidt,lewisjustin@example.com,22,Barbados,352-948-7389,2023-09-11,Analyst,2641,9101.0,4
4494,Matthew,Griffin,johnsonteresa@example.com,58,Mongolia,(763)318-6363,2023-05-06,ITProgrammer,3467,1122.0,3
7055,Brenda,Brown,gjackson@example.net,68,Solomon Islands,(929)877-1343,2020-08-11,Analyst,2712,1234.0,2
3565,Nancy,Mcdaniel,johnmyers@example.net,60,Ukraine,7612273247,2022-03-26,Engineer,3001,1234.0,1
9711,John,Hines,gary33@example.org,49,Qatar,903-825-6838,2021-11-11,Accountant,2618,5670.0,4
1266,Craig,Moore,herbertmartin@example.com,35,French Southern Territories,+1-298-832-5341x96869,2022-12-09,Intern,4251,5670.0,5
3552,Daniel,Acosta,stevenpotter@example.org,62,Tunisia,001-346-788-1603x19063,2018-12-13,Accountant,1289,9101.0,5
4552,George,Jefferson,kgibson@example.net,61,Japan,315-349-0280,2023-02-14,Clerk,2727,1122.0,1
3515,Ashley,Peterson,lopezchase@example.com,70,Kenya,001-368-781-6555x073,2022-09-10,Intern,4238,1122.0,3
7021,Billy,Mcclure,alexander19@example.org,54,Guinea-Bissau,559.794.0400x65420,2022-09-24,Analyst,2452,5670.0,4
6595,John,Rodriguez,kaylacox@example.org,40,Bosnia and Herzegovina,279.526.0190x5396,2023-10-07,Engineer,1235,5670.0,1
1473,Haley,Gordon,crystal89@example.org,27,Micronesia,001-870-516-1052,2020-05-16,Clerk,1697,1234.0,5
6253,James,Morgan,garzachristine@example.org,45,Malaysia,750-729-0571,2020-05-11,Accountant,3148,1234.0,3
4077,Douglas,Myers,thomas01@example.com,55,Papua New Guinea,204.359.1351x02211,2022-09-10,Engineer,2899,1234.0,1
6624,Jason,Davis,cwalker@example.net,68,Nicaragua,4063743911,2023-09-10,Assistant,4226,1234.0,3
2711,Jennifer,Harrison,richardsfrank@example.org,54,Cayman Islands,+1-926-799-0268x3058,2021-07-13,ITProgrammer,4438,3344.0,2
6916,Victoria,Wells,uhuerta@example.org,71,Equatorial Guinea,473.625.1614x37917,2023-07-25,HR,3904,3344.0,3
4165,Bobby,Hartman,andrea19@example.org,25,Saint Helena,511-677-6537x481,2022-04-04,Clerk,4437,1234.0,2
2853,Brian,Hudson,rturner@example.com,75,Congo,001-984-274-0927x6305,2022-02-03,Salesperson,3843,3344.0,5
6090,Kimberly,Hensley,hhouston@example.net,54,Albania,821.998.8417x226,2019-02-12,ITProgrammer,1255,1234.0,2
3135,Phillip,Nixon,ywilliams@example.org,71,Gambia,(492)739-4426,2022-02-15,HR,3530,1122.0,1
3879,Kristina,Wright,qcummings@example.org,57,Moldova,(649)816-9535x809,2020-03-31,Salesperson,1791,9101.0,5
4609,Gregory,Bond,brandon41@example.com,49,Comoros,001-728-470-1390x121,2023-09-19,Accountant,2900,3344.0,4
1919,Scott,Wilkerson,daviskatherine@example.org,63,Costa Rica,(603)526-7592x0379,2021-11-07,Assistant,3786,9101.0,2
8982,Norma,Walker,kristeningram@example.com,51,Lebanon,(723)825-5870,2022-08-08,HR,1761,1122.0,4
8812,Elizabeth,Owen,david49@example.com,43,Gibraltar,9365076968,2022-06-07,Engineer,2583,3344.0,2
7504,Dillon,Flores,charlesvasquez@example.net,37,Fiji,308.280.3275x401,2021-08-04,Salesperson,3748,1122.0,1
7447,Angela,Taylor,rmoyer@example.org,63,French Polynesia,301.947.4857,2020-01-12,Engineer,2691,5670.0,1
9535,Carol,Parker,megan11@example.net,27,Fiji,+1-938-222-9081x0631,2019-03-13,Assistant,1345,3344.0,5
1669,Bianca,Bird,lucasnancy@example.com,35,Cambodia,645.516.5609x18347,2020-11-23,Accountant,3009,5670.0,2
3043,Jessica,Ferguson,sherry61@example.net,35,Czech Republic,(665)727-6853,2020-01-30,Analyst,4146,3344.0,1
1891,Jaime,Jones,mpittman@example.net,44,Paraguay,482-511-1164x8228,2021-08-02,HR,3536,9101.0,3
6863,Jeffery,Rodriguez,rortiz@example.net,44,Burkina Faso,(537)929-5735x614,2019-02-13,Analyst,3611,9101.0,3
5356,Melissa,Cannon,thompsonkatherine@example.com,64,Andorra,+1-317-600-9951,2022-10-18,Engineer,3065,9101.0,4
5076,Kelly,Ellison,johnhale@example.org,50,Serbia,+1-229-655-2607x87920,2022-11-26,Assistant,2669,1234.0,2
9770,Steve,Jones,andrewmata@example.net,65,Rwanda,+1-238-448-6811x4736,2019-09-08,Intern,3209,5670.0,2
1526,Cathy,Ford,derekmiller@example.com,26,Namibia,(220)313-1989,2020-02-20,Analyst,2613,9101.0,2
2300,Scott,Turner,valentinesamuel@example.net,56,Albania,(517)930-3614,2022-12-23,ITProgrammer,3999,1234.0,1
4098,Carrie,Avila,robertsjuan@example.org,35,Costa Rica,356-209-6334x8143,2020-04-02,Accountant,4261,5670.0,3
8461,Rebecca,Harris,michael73@example.net,40,Philippines,(529)264-4959,2022-09-22,Salesperson,2169,3344.0,5
6940,Maria,Lang,vincent15@example.net,45,Algeria,(296)948-5330,2022-11-24,Clerk,3636,9101.0,1
5485,Sandra,Dorsey,brucelawson@example.com,60,United Arab Emirates,358-296-6831x7171,2022-02-01,ITProgrammer,2291,9101.0,4
7983,Jasmine,Williams,hernandezkristina@example.com,52,Thailand,(958)419-1720x31972,2023-04-22,ITProgrammer,4148,5670.0,4
1519,Nicole,Sanchez,xgonzalez@example.net,57,Nicaragua,595.683.7126,2023-02-15,Salesperson,1254,1234.0,3
2102,Tanner,Perkins,david42@example.org,67,Uzbekistan,001-987-958-7435,2022-11-01,Analyst,2313,3344.0,2
1462,Tony,Greer,glennburke@example.com,75,France,398-448-5276x6689,2020-03-23,HR,2972,3344.0,1
2550,Renee,Hurley,kholt@example.net,62,Vanuatu,431.339.0299x026,2023-04-24,Analyst,1700,3344.0,5
1184,John,Ramirez,rogersnancy@example.org,22,Faroe Islands,587.933.2055x2565,2019-05-16,Engineer,3247,1234.0,1
4630,Scott,Young,hgarrett@example.org,43,Dominica,+1-488-960-9641x92826,2019-01-24,Accountant,4427,9101.0,3
8748,Jennifer,Riley,cheryl43@example.net,26,Turkey,001-483-479-3618x84742,2022-10-27,HR,1612,9101.0,2
9400,Steve,Hobbs,iholt@example.com,57,Macao,+1-843-793-6098x683,2019-09-20,HR,2491,3344.0,1
9230,Justin,Mann,shannon17@example.net,61,Armenia,+1-910-764-2295x560,2020-03-25,Assistant,1743,3344.0,1
8793,Charles,Berg,schavez@example.org,36,Belarus,808.859.7526,2022-05-18,Clerk,3253,1234.0,4
2846,Jessica,Chambers,ycalhoun@example.net,24,Montenegro,001-436-914-1116x68638,2019-05-12,Intern,1216,1234.0,1
8022,Sarah,Douglas,melissa39@example.org,59,Mauritius,(301)624-9796x211,2021-03-16,ITProgrammer,3815,9101.0,1
3535,Charles,Garcia,etate@example.net,59,Faroe Islands,461.501.7080,2023-09-26,Intern,2272,5670.0,5
2089,Andrew,Richard,gparker@example.com,29,Argentina,622-922-5930,2020-03-30,Engineer,3799,1234.0,5
7438,Mary,Herrera,twebb@example.org,60,Zambia,+1-570-523-9668x4942,2023-10-11,Engineer,4476,1234.0,1
3453,Michael,Lewis,zunigajason@example.com,58,Syrian Arab Republic,491-494-5096,2019-01-04,Engineer,2793,1234.0,2
3677,Christina,Berry,hfry@example.org,72,French Guiana,+1-902-862-5296,2020-03-17,HR,3225,5670.0,2
3469,Jesse,Molina,cmartin@example.net,44,Malta,001-328-801-3050,2022-10-18,Accountant,3550,9101.0,3
8558,Nancy,Hansen,edward77@example.org,54,Netherlands Antilles,001-766-327-4678x6196,2020-02-01,Salesperson,1566,1122.0,3
2346,Jennifer,Zimmerman,drodriguez@example.org,65,Lesotho,+1-460-599-2108x6435,2020-05-08,Accountant,4179,1122.0,3
3909,Sara,Figueroa,adamsmadeline@example.net,74,Grenada,392.319.3668,2021-06-04,Accountant,4141,3344.0,4
9124,Amanda,Montgomery,powelljoanne@example.com,66,Israel,870.413.0899,2022-10-12,Intern,2408,3344.0,1
3410,Eric,Day,gabriellemcdaniel@example.org,25,Guernsey,974-552-8628,2019-06-04,Accountant,2545,5670.0,1
5069,Kristen,Norris,tiffanyhill@example.org,49,Equatorial Guinea,763.764.3402x65831,2019-12-21,Intern,3103,3344.0,3
7056,Melanie,Martin,carolynbrooks@example.net,45,Yemen,747-708-8199,2021-10-16,Accountant,3178,1234.0,3
2125,Mitchell,White,jim04@example.com,64,Kiribati,+1-652-903-0612x77547,2022-11-21,Clerk,2726,1122.0,4
7975,Bradley,Petersen,dominiquewest@example.org,37,Kiribati,335.732.3965,2023-08-23,Intern,3873,1122.0,2
4230,Vanessa,Clark,dvalenzuela@example.net,63,Mozambique,4682630883,2018-12-23,ITProgrammer,2445,5670.0,3
8853,Brian,Roberts,alexandercoleman@example.net,26,Dominican Republic,405-902-1661,2022-01-01,ITProgrammer,2369,1234.0,5
7392,Kathleen,Cardenas,olewis@example.org,58,Saint Lucia,+1-378-528-9793x842,2022-12-14,Assistant,1767,9101.0,5
8820,Lori,Stuart,michaelhamilton@example.net,48,Georgia,+1-877-883-2313x76097,2019-11-10,Engineer,3050,9101.0,4
8573,Lisa,Ford,derekatkins@example.net,40,Libyan Arab Jamahiriya,001-937-989-2032,2022-12-29,Engineer,2991,3344.0,2
6091,Randy,Ware,bradymoore@example.com,65,Hong Kong,001-879-654-9613x80317,2021-10-21,HR,1659,3344.0,5
5595,David,Ramos,kennedydebbie@example.org,58,Nauru,454-889-0333x448,2020-05-10,Clerk,1731,1122.0,2
1835,Susan,Scott,kreed@example.org,58,Sri Lanka,001-853-809-2658x27319,2021-08-19,Accountant,1596,9101.0,2
6734,Megan,White,jeffrey00@example.org,19,Angola,(928)499-6018,2020-11-06,Analyst,2083,9101.0,2
2885,Julie,Lynn,janderson@example.org,64,Philippines,343.576.6801x30961,2020-09-02,Clerk,3873,1122.0,5
5050,Michael,Olson,goodmanamy@example.net,52,Lithuania,525.241.0242,2022-11-06,Accountant,1932,1122.0,4
5263,Joseph,Mcfarland,jennifer31@example.net,65,Palestinian Territory,001-811-742-2274x20298,2022-10-25,Analyst,1351,9101.0,5
4957,Tammy,Butler,weaveradrienne@example.org,74,Togo,905-400-6753x46622,2023-01-28,Intern,3734,3344.0,1
5039,Cody,Carlson,jeremyadams@example.com,58,Marshall Islands,3932703861,2022-10-15,Intern,1441,1234.0,1
8294,Corey,Craig,ericwilson@example.net,60,Swaziland,506.963.0333x3004,2023-09-13,Intern,4184,9101.0,1
6909,Robert,Pittman,shuffman@example.org,53,Cote d'Ivoire,+1-633-924-5478,2022-04-07,ITProgrammer,2793,5670.0,5
6913,Carolyn,Mcgrath,joshua28@example.net,38,Mozambique,001-660-709-5315x08360,2022-08-11,HR,3382,1234.0,4
9769,Scott,Rodriguez,joshuahamilton@example.com,43,Egypt,+1-288-527-3607,2021-01-18,Analyst,2614,3344.0,1
1145,Richard,Foster,ericfowler@example.org,58,Afghanistan,001-560-510-3633x393,2023-06-09,Analyst,3176,1122.0,3
1383,Calvin,Oconnor,bradleykimberly@example.org,48,Guinea,(584)759-3680,2020-05-11,Assistant,4278,9101.0,2
3403,Denise,Gonzalez,zwilson@example.com,36,Kiribati,+1-832-331-2423x3885,2022-01-17,Accountant,3355,3344.0,5
8700,Mary,Walker,bmartin@example.net,49,Namibia,275-250-3939,2020-04-09,Intern,3607,1122.0,1
5678,David,House,melanie29@example.com,22,Pitcairn Islands,001-371-211-2811x2044,2021-05-23,HR,3486,1234.0,1
3388,Nancy,Miller,ferrellelizabeth@example.net,30,Tuvalu,001-256-451-9019x93722,2019-12-14,Assistant,3683,1122.0,4
3391,Lori,Olson,justin48@example.net,75,Guam,644.971.6892x8561,2022-09-06,HR,3000,3344.0,2
8191,Ronald,Johnson,aclayton@example.org,72,Nigeria,+1-858-294-1649x17594,2021-05-18,Intern,3483,1234.0,2
6430,Laura,Martinez,mary57@example.com,25,Botswana,(250)993-7383,2021-03-10,Clerk,1516,9101.0,5
5071,Christie,Henderson,stephanie43@example.org,26,Lebanon,534-841-3124,2022-10-06,HR,2623,5670.0,1
2674,Nancy,Frost,thomasshannon@example.com,26,New Caledonia,260-410-1739,2019-10-11,Salesperson,1314,1234.0,5
4294,Veronica,Davis,nancy81@example.org,38,Madagascar,001-945-662-8564x966,2020-07-29,Salesperson,4149,1234.0,5
7925,Victoria,Kent,schmidtpatrick@example.com,28,Chile,278-703-2590x925,2022-05-31,Engineer,2474,3344.0,1
1591,Jonathan,Johnson,jessegraham@example.net,34,Malta,355-930-3800,2019-04-16,Clerk,4103,9101.0,1
4389,Matthew,Kirby,gjohnson@example.net,25,Kyrgyz Republic,(374)899-3023x453,2020-04-26,Intern,3285,5670.0,2
9996,Joshua,Evans,woodkaren@example.net,61,Uruguay,814-275-2366x715,2021-05-14,Accountant,1553,1122.0,2
7422,Suzanne,Fletcher,igarza@example.net,41,Saint Kitts and Nevis,756.310.8702x769,2019-04-21,Analyst,1566,3344.0,2
9324,Michelle,Best,julia68@example.com,67,Latvia,001-500-774-4921x4289,2019-12-09,HR,1401,1234.0,4
8538,Erica,Robles,sarah98@example.net,65,Qatar,001-494-692-5631x407,2020-04-12,Clerk,3621,5670.0,4
2470,Danielle,Harvey,johnsonjack@example.org,67,Monaco,674-896-1957x163,2023-11-16,HR,3536,1234.0,2
3859,Janet,Erickson,ccooper@example.org,26,Cocos (Keeling) Islands,(431)825-5071x020,2022-07-05,HR,2335,9101.0,5
1721,Nicholas,Marshall,fernando46@example.org,31,Burundi,(285)444-0356,2019-07-03,Intern,2985,1234.0,5
6122,George,Brooks,vashley@example.com,39,Ghana,001-827-399-7462x13812,2020-02-11,HR,3980,1122.0,5
6330,Willie,Henderson,westmichael@example.net,21,Mali,403.852.9418x169,2019-04-05,HR,1251,9101.0,5
6380,Ashley,Adams,combsmonica@example.com,68,Norfolk Island,597-435-6119,2022-01-22,ITProgrammer,2807,3344.0,5
9038,Debra,Marsh,maria52@example.com,39,Mongolia,986.744.2335x6660,2022-01-24,HR,3308,1234.0,2
4215,Scott,Nash,albertrobinson@example.net,20,Turkmenistan,(714)932-0660x521,2023-02-25,Analyst,1186,5670.0,4
5714,Sharon,Butler,reedshelby@example.net,29,Uganda,400-651-2898x753,2020-01-09,Intern,2159,1122.0,5
7448,Jill,Roberts,austinpatel@example.org,32,Pakistan,+1-212-514-6371x4704,2021-02-06,ITProgrammer,1621,1122.0,5
5909,Carrie,Middleton,zachary65@example.org,44,Saint Vincent and the Grenadines,632-209-5645x21513,2022-02-14,Accountant,3933,1234.0,5
6952,Nathan,Myers,benjamin55@example.org,49,Marshall Islands,791-203-7732x9436,2023-01-18,Salesperson,2487,3344.0,5
9913,Edward,Davis,jonathan83@example.org,66,Senegal,(295)642-0580,2019-09-20,Engineer,2562,1234.0,4
8033,Ryan,Williamson,melanie02@example.org,59,Gabon,(422)871-8584x5707,2022-10-11,Salesperson,2192,1122.0,3
1611,Kenneth,Andrews,andrewcastaneda@example.org,34,Croatia,001-998-785-7645x30677,2022-07-08,Accountant,3601,5670.0,2
5915,Regina,Lopez,hcarroll@example.net,32,Lithuania,(679)464-4553x16098,2023-04-04,Intern,1865,1122.0,2
1764,Adrian,Watson,moyeramanda@example.org,21,French Southern Territories,985.632.8089,2019-08-06,Engineer,3176,9101.0,4
1969,Benjamin,Pierce,xtucker@example.org,45,Iceland,439-357-4496,2020-04-29,ITProgrammer,1444,9101.0,5
1377,John,Burnett,denise77@example.com,20,Christmas Island,(458)411-6775x48154,2022-03-07,ITProgrammer,2973,9101.0,2
1013,Bonnie,Ingram,ywise@example.com,67,Wallis and Futuna,001-405-256-9194x82325,2022-04-12,HR,1178,9101.0,4
9762,Patricia,Mccarthy,kendrakline@example.org,71,United States of America,(412)743-3246x1868,2021-07-13,Assistant,2323,9101.0,2
8098,Matthew,Higgins,gscott@example.org,59,Japan,853-628-3070,2023-03-24,Intern,1593,9101.0,4
5715,Bethany,Rodriguez,howardpaul@example.com,21,Palau,305.967.1399,2023-01-28,HR,4336,1122.0,2
5262,Eric,Ayers,kdavis@example.net,52,Latvia,(596)223-8254x619,2022-10-14,Salesperson,1184,1122.0,4
1153,Ronald,Lowery,jessicahampton@example.org,35,Zambia,001-873-694-0229x2052,2022-08-01,Salesperson,3274,1122.0,4
1940,Virginia,Rodriguez,myersgordon@example.net,20,Mexico,217.974.3372x7236,2020-01-24,HR,3237,1122.0,5
3329,Sierra,Mclaughlin,wilsonmark@example.org,53,Guinea,374.266.1726,2022-02-27,ITProgrammer,3072,9101.0,3
2201,Vanessa,Pittman,jfowler@example.org,30,Malaysia,(889)494-8795x122,2021-02-01,Clerk,3955,3344.0,2
7393,Stephen,Jensen,john65@example.org,19,Tuvalu,839-483-9453,2021-09-30,ITProgrammer,3976,5670.0,5
3831,Veronica,Bradley,ashley39@example.net,19,Norway,(247)567-0986x44402,2019-04-22,Intern,1263,1234.0,4
2838,Jacob,Jones,dmoran@example.net,53,Antigua and Barbuda,7729236720,2021-08-19,Accountant,1098,3344.0,2
2598,Scott,Knight,iclayton@example.org,51,Eritrea,001-648-415-3446,2019-04-29,HR,2792,9101.0,3
7442,Jennifer,Glass,fhoward@example.com,50,Iceland,6643545799,2021-03-04,Clerk,4040,5670.0,3
5027,Traci,Davis,gary74@example.com,49,French Polynesia,+1-855-944-0915x5614,2021-03-06,Analyst,4440,3344.0,4
8390,Michael,Torres,barneschad@example.org,23,Gibraltar,001-256-224-5294x378,2022-06-22,Intern,2798,9101.0,3
5403,Aaron,Jones,donaldgonzalez@example.com,21,China,557-899-4208,2021-01-19,Salesperson,1553,5670.0,5
8795,Karen,Randolph,sharon98@example.net,23,Zimbabwe,(828)562-8563x076,2019-09-28,Assistant,2280,9101.0,4
5833,Katherine,Harrington,melissa82@example.net,68,Estonia,001-935-301-7887x1968,2020-01-22,Intern,3698,1122.0,4
3693,Crystal,Coleman,lhooper@example.com,39,Cambodia,+1-306-230-3853x824,2020-11-29,HR,3327,1122.0,4
6573,Kelly,Moore,justin11@example.com,74,Moldova,(961)325-6236,2023-07-14,Accountant,3448,1122.0,2
1636,Paula,Dillon,vbutler@example.com,21,French Polynesia,(360)429-5022,2020-04-30,ITProgrammer,4234,1234.0,5
6638,Brandon,Anderson,douglasrowe@example.com,22,Luxembourg,640-458-7695,2021-03-08,Salesperson,2466,5670.0,1
3156,Sean,Steele,wendy84@example.org,68,Kyrgyz Republic,+1-240-200-7222,2022-01-28,ITProgrammer,3277,1122.0,1
5325,Angela,Paul,morrisjessica@example.net,72,Gabon,001-883-508-6389x717,2022-10-01,Assistant,2498,3344.0,3
6879,Ryan,Golden,ckidd@example.org,45,Cameroon,001-540-787-1981x10351,2020-01-21,Accountant,1477,3344.0,3
1548,Kathleen,Hall,lstewart@example.com,20,Isle of Man,5482832927,2022-09-30,Analyst,1608,9101.0,1
5985,Jennifer,Dean,david87@example.com,48,Liechtenstein,+1-954-284-6706x39111,2021-11-30,HR,3321,5670.0,1
3153,Anna,Acevedo,pmueller@example.org,33,Saint Pierre and Miquelon,+1-478-710-5435x360,2023-11-20,Salesperson,2754,3344.0,1
7007,Roberto,Shaw,ymartin@example.net,56,Ghana,621.374.4903,2019-12-19,HR,3110,1122.0,3
2723,Samantha,Dickson,dsandoval@example.net,55,Seychelles,4342720595,2019-03-18,Salesperson,1880,5670.0,5
2202,Sandra,Duke,banksstacy@example.org,56,Bahrain,478.834.3180x3571,2022-11-14,HR,4329,3344.0,5
7589,Juan,Williams,martinezann@example.org,68,Saint Helena,(652)831-6516,2019-07-12,Accountant,1862,1122.0,2
9041,April,Frank,smithdavid@example.org,69,Netherlands,(792)700-4826x10428,2021-11-05,Accountant,1167,1234.0,1
2008,Melissa,Barnett,emily68@example.org,36,Afghanistan,(468)996-1082x61679,2022-11-01,Salesperson,1913,3344.0,4
1861,Lori,Buck,shawn38@example.org,30,Bouvet Island (Bouvetoya),727-789-7929,2023-12-01,Analyst,3308,1122.0,5
6519,David,Fields,grosstaylor@example.net,45,Nauru,001-774-622-7115x5864,2020-05-05,Assistant,1706,5670.0,3
2223,Gary,Williams,johnsonlinda@example.org,38,Austria,(961)449-7220x6534,2020-09-08,Accountant,4193,9101.0,5
9112,Edward,Sexton,veronicathompson@example.com,72,Liechtenstein,001-260-865-0085x917,2022-06-03,Salesperson,1991,5670.0,5
2459,Robert,Cruz,christinelewis@example.com,53,Russian Federation,+1-807-407-7239x1278,2020-02-16,Clerk,3652,1234.0,1
4383,Randall,Castro,maldonadocarol@example.org,44,Martinique,(622)881-4223,2022-08-01,Clerk,1251,9101.0,5
5021,Steven,Welch,pamela81@example.com,37,Argentina,889.772.9036x39826,2021-12-16,HR,2267,5670.0,3
5596,Michele,Conner,vallen@example.net,73,Barbados,(365)522-4011x356,2019-06-17,Assistant,1147,9101.0,4
1709,Jennifer,Jones,davissean@example.net,26,Ethiopia,+1-545-902-4775x712,2022-05-05,Intern,1922,9101.0,5
1162,Christine,Parsons,simmonsjack@example.org,29,Algeria,878.776.5109,2021-07-24,Salesperson,2541,5670.0,3
6199,Erica,Nichols,atkinskevin@example.com,25,Spain,858.525.5181x49833,2019-02-12,Engineer,3051,5670.0,2
3731,Gabriel,Greer,jeanmanning@example.net,33,Guam,792.845.8704x15905,2019-03-26,Clerk,3510,1234.0,3
1746,Leah,Fisher,jhouse@example.com,73,Niue,333-933-9199x76064,2020-09-17,HR,1878,9101.0,1
5716,Tina,Sanchez,garciaeric@example.com,39,United Kingdom,261-429-4121,2019-10-10,Salesperson,1335,1234.0,4
1872,James,Smith,jennifer14@example.net,45,Slovenia,(393)430-3005x783,2020-01-30,ITProgrammer,4305,3344.0,1
7658,Cynthia,Nelson,mary56@example.com,56,Nicaragua,(567)499-5847,2023-10-16,HR,4164,9101.0,3
6846,Monica,Ball,melody27@example.org,41,Grenada,001-372-773-1182,2020-08-03,Clerk,1940,3344.0,5
5324,Jonathan,Briggs,jeffersonkayla@example.org,23,Bangladesh,(275)873-2870x5228,2023-04-21,Assistant,3246,1234.0,5
1043,Grace,Flores,campbelllaura@example.net,27,San Marino,001-449-283-0954x6273,2019-02-07,ITProgrammer,2815,5670.0,4
8087,Michael,Harris,james88@example.com,54,United States Virgin Islands,(426)381-1844,2019-06-02,Accountant,1528,9101.0,4
3069,Derek,Day,ngonzalez@example.org,26,Netherlands Antilles,001-970-325-4495x3633,2019-12-22,Assistant,2621,1122.0,3
8064,Rebecca,Rice,linda15@example.com,71,Slovenia,339-717-7291,2021-08-03,Accountant,1481,3344.0,5
3157,Rodney,Hansen,fpaul@example.org,36,United Arab Emirates,+1-954-305-3221,2020-10-18,Intern,4024,1122.0,2
9184,David,Bennett,daltonwood@example.com,24,Faroe Islands,+1-535-253-4488x70142,2022-04-16,Intern,3341,5670.0,1
8095,Tanya,Oliver,zachary39@example.net,49,Cayman Islands,971-268-8593x6686,2023-05-23,HR,2586,5670.0,4
1744,Jeffrey,Banks,fmorris@example.com,73,Guam,(659)452-2866,2023-07-28,Engineer,1961,1122.0,1
9610,Sarah,Knight,oscarmathis@example.net,26,Vanuatu,+1-657-523-6701x422,2022-10-19,HR,3283,3344.0,1
6423,Christine,Castro,ashleyross@example.org,45,Slovakia (Slovak Republic),(556)948-7053,2020-04-20,Clerk,1120,1234.0,5
6621,John,Stein,austinbryan@example.org,44,Liechtenstein,2756946573,2022-01-06,Intern,4062,1234.0,2
5806,Brian,Robertson,kathyblackwell@example.com,36,Lithuania,+1-495-570-6635x563,2022-09-30,HR,1307,3344.0,4
5718,Amy,Luna,natalierobinson@example.net,38,Georgia,(477)838-3003,2023-07-21,Clerk,2205,5670.0,3
8902,Ashley,Pacheco,anthony15@example.org,20,United States Virgin Islands,434.335.7096x7498,2020-05-22,Intern,3582,5670.0,5
2588,Ashley,Lynch,upatterson@example.net,70,Guatemala,(484)712-9548x54908,2022-05-29,Accountant,2309,9101.0,5
3237,Daniel,Blair,hdavis@example.com,36,Solomon Islands,(838)264-8996x274,2022-03-07,Engineer,3778,1234.0,1
4117,Grace,Gregory,bowerspenny@example.net,29,Venezuela,977-706-8874x174,2021-07-07,Assistant,3131,1122.0,5
6085,Kara,Floyd,wrightkimberly@example.net,62,Hungary,868.819.1561x97853,2022-03-23,Accountant,2115,1234.0,4
1118,Cynthia,Gonzalez,kheath@example.org,47,Cape Verde,716.473.5494,2018-12-16,Clerk,4412,1234.0,4
1331,Meghan,Lin,stevensims@example.com,48,Denmark,478.223.5402x12638,2023-09-15,HR,1448,5670.0,1
2004,Sheila,Garcia,vlyons@example.net,43,Papua New Guinea,(650)296-5136x6543,2022-01-22,Clerk,2302,1234.0,4
2695,Jennifer,Combs,hballard@example.net,72,Sri Lanka,+1-387-398-1362x45764,2021-04-19,Accountant,3434,5670.0,2
6238,Laura,Vasquez,allisonspencer@example.net,31,Falkland Islands (Malvinas),(692)516-1982x2689,2022-12-02,Clerk,1056,9101.0,4
4028,Vincent,Jackson,linda70@example.com,52,Lesotho,(547)743-3399x207,2022-12-17,Intern,1108,3344.0,3
5949,Austin,Fitzpatrick,pperkins@example.net,66,Italy,001-929-604-9711x73989,2022-12-02,Clerk,3336,9101.0,1
9849,Christina,Heath,ledwards@example.org,23,Pakistan,408-974-7833,2019-04-08,Assistant,4260,9101.0,1
3023,Scott,Vargas,jason62@example.net,37,Anguilla,(343)644-7721x5706,2020-03-14,Intern,3956,9101.0,5
1010,Lori,Patel,barnettsteven@example.org,28,Norway,(663)706-4781,2020-04-25,Clerk,3593,5670.0,1
1916,Dylan,Williams,qcollier@example.net,63,Nigeria,(372)626-7734x829,2023-06-02,Assistant,2984,1234.0,5
5101,Joseph,Barton,owilliamson@example.org,40,French Polynesia,001-653-495-5876x7685,2019-05-07,Accountant,3970,1234.0,5
5397,Sherry,Cantu,devans@example.net,23,United Arab Emirates,285-764-9378,2019-07-14,Assistant,2012,3344.0,1
2318,Jessica,Kelly,kevinpalmer@example.net,52,Iraq,5282350864,2022-03-27,Engineer,3705,9101.0,2
5287,Monique,Johnson,adrake@example.org,28,Korea,848-947-6995,2021-01-01,Assistant,1427,5670.0,4
3554,James,Ballard,kimberly34@example.net,50,Mauritania,(933)318-6761,2021-12-08,Engineer,3442,3344.0,4
3171,Diamond,Daniels,steven40@example.org,31,El Salvador,+1-898-722-7851x9706,2021-02-10,Clerk,3924,1122.0,2
5198,John,Lee,benjamin06@example.net,37,Hong Kong,904.396.7255x2268,2020-02-14,Salesperson,4474,5670.0,2
7795,Donald,Patterson,maria13@example.net,55,Vietnam,556-541-7582x0485,2022-06-21,HR,1780,1234.0,3
1625,Aaron,Huff,hballard@example.com,34,Luxembourg,783.738.8055,2022-11-13,Intern,2897,1234.0,2
5207,Erica,Miller,kimberly10@example.com,41,Palestinian Territory,5099302573,2019-05-07,ITProgrammer,1467,5670.0,4
